env,state_x,sample_y,num_games,num_success,pass_rate,mean_reward,std_reward,min_reward,max_reward,notebook_hash,notebook_size_lines,reference_prompt_matches_template
frozen_lake,1,1,10,1,0.1,0.1,0.31622776601683794,0.0,1.0,0e61043d9626e44e976ccfc887a7d3559fce5744e69799100b9533cba51da21b,11,True
frozen_lake,1,2,10,1,0.1,0.1,0.31622776601683794,0.0,1.0,0e61043d9626e44e976ccfc887a7d3559fce5744e69799100b9533cba51da21b,11,True
frozen_lake,1,3,10,5,0.5,0.5,0.5270462766947299,0.0,1.0,0e61043d9626e44e976ccfc887a7d3559fce5744e69799100b9533cba51da21b,11,True
frozen_lake,1,4,10,2,0.2,0.2,0.4216370213557839,0.0,1.0,0e61043d9626e44e976ccfc887a7d3559fce5744e69799100b9533cba51da21b,11,True
frozen_lake,1,5,10,7,0.7,0.7,0.48304589153964794,0.0,1.0,0e61043d9626e44e976ccfc887a7d3559fce5744e69799100b9533cba51da21b,11,True
frozen_lake,1,6,10,2,0.2,0.2,0.4216370213557839,0.0,1.0,0e61043d9626e44e976ccfc887a7d3559fce5744e69799100b9533cba51da21b,11,True
frozen_lake,1,7,10,3,0.3,0.3,0.48304589153964794,0.0,1.0,0e61043d9626e44e976ccfc887a7d3559fce5744e69799100b9533cba51da21b,11,True
frozen_lake,1,8,10,0,0.0,0.0,0.0,0.0,0.0,0e61043d9626e44e976ccfc887a7d3559fce5744e69799100b9533cba51da21b,11,True
frozen_lake,2,1,10,5,0.5,0.5,0.5270462766947299,0.0,1.0,11b2efca10c7b11ca42f4ab140649b21f2eda78d249edd04b77359020124be62,14,True
frozen_lake,2,2,10,2,0.2,0.2,0.4216370213557839,0.0,1.0,11b2efca10c7b11ca42f4ab140649b21f2eda78d249edd04b77359020124be62,14,True
frozen_lake,2,3,10,0,0.0,0.0,0.0,0.0,0.0,11b2efca10c7b11ca42f4ab140649b21f2eda78d249edd04b77359020124be62,14,True
frozen_lake,2,4,10,2,0.2,0.2,0.4216370213557839,0.0,1.0,11b2efca10c7b11ca42f4ab140649b21f2eda78d249edd04b77359020124be62,14,True
frozen_lake,2,5,10,3,0.3,0.3,0.48304589153964794,0.0,1.0,11b2efca10c7b11ca42f4ab140649b21f2eda78d249edd04b77359020124be62,14,True
frozen_lake,2,6,10,1,0.1,0.1,0.31622776601683794,0.0,1.0,11b2efca10c7b11ca42f4ab140649b21f2eda78d249edd04b77359020124be62,14,True
frozen_lake,2,7,10,3,0.3,0.3,0.48304589153964794,0.0,1.0,11b2efca10c7b11ca42f4ab140649b21f2eda78d249edd04b77359020124be62,14,True
frozen_lake,2,8,10,3,0.3,0.3,0.48304589153964794,0.0,1.0,11b2efca10c7b11ca42f4ab140649b21f2eda78d249edd04b77359020124be62,14,True
frozen_lake,3,1,10,1,0.1,0.1,0.31622776601683794,0.0,1.0,11b2efca10c7b11ca42f4ab140649b21f2eda78d249edd04b77359020124be62,14,True
frozen_lake,3,2,10,3,0.3,0.3,0.48304589153964794,0.0,1.0,11b2efca10c7b11ca42f4ab140649b21f2eda78d249edd04b77359020124be62,14,True
frozen_lake,3,3,10,3,0.3,0.3,0.48304589153964794,0.0,1.0,11b2efca10c7b11ca42f4ab140649b21f2eda78d249edd04b77359020124be62,14,True
frozen_lake,3,4,10,4,0.4,0.4,0.5163977794943223,0.0,1.0,11b2efca10c7b11ca42f4ab140649b21f2eda78d249edd04b77359020124be62,14,True
frozen_lake,3,5,10,1,0.1,0.1,0.31622776601683794,0.0,1.0,11b2efca10c7b11ca42f4ab140649b21f2eda78d249edd04b77359020124be62,14,True
frozen_lake,3,6,10,2,0.2,0.2,0.4216370213557839,0.0,1.0,11b2efca10c7b11ca42f4ab140649b21f2eda78d249edd04b77359020124be62,14,True
frozen_lake,3,7,10,4,0.4,0.4,0.5163977794943223,0.0,1.0,11b2efca10c7b11ca42f4ab140649b21f2eda78d249edd04b77359020124be62,14,True
frozen_lake,3,8,10,3,0.3,0.3,0.48304589153964794,0.0,1.0,11b2efca10c7b11ca42f4ab140649b21f2eda78d249edd04b77359020124be62,14,True
frozen_lake,4,1,10,4,0.4,0.4,0.5163977794943223,0.0,1.0,11b2efca10c7b11ca42f4ab140649b21f2eda78d249edd04b77359020124be62,14,True
frozen_lake,4,2,10,3,0.3,0.3,0.48304589153964794,0.0,1.0,11b2efca10c7b11ca42f4ab140649b21f2eda78d249edd04b77359020124be62,14,True
frozen_lake,4,3,10,0,0.0,0.0,0.0,0.0,0.0,11b2efca10c7b11ca42f4ab140649b21f2eda78d249edd04b77359020124be62,14,True
frozen_lake,4,4,10,3,0.3,0.3,0.48304589153964794,0.0,1.0,11b2efca10c7b11ca42f4ab140649b21f2eda78d249edd04b77359020124be62,14,True
frozen_lake,4,5,10,3,0.3,0.3,0.48304589153964794,0.0,1.0,11b2efca10c7b11ca42f4ab140649b21f2eda78d249edd04b77359020124be62,14,True
frozen_lake,4,6,10,0,0.0,0.0,0.0,0.0,0.0,11b2efca10c7b11ca42f4ab140649b21f2eda78d249edd04b77359020124be62,14,True
frozen_lake,4,7,10,5,0.5,0.5,0.5270462766947299,0.0,1.0,11b2efca10c7b11ca42f4ab140649b21f2eda78d249edd04b77359020124be62,14,True
frozen_lake,4,8,10,3,0.3,0.3,0.48304589153964794,0.0,1.0,11b2efca10c7b11ca42f4ab140649b21f2eda78d249edd04b77359020124be62,14,True
frozen_lake,5,1,10,5,0.5,0.5,0.5270462766947299,0.0,1.0,97c2de08841fd45bf72a0461154b857beae276c7aef0e76cde8280e82af2d550,16,True
frozen_lake,5,2,10,2,0.2,0.2,0.4216370213557839,0.0,1.0,97c2de08841fd45bf72a0461154b857beae276c7aef0e76cde8280e82af2d550,16,True
frozen_lake,5,3,10,3,0.3,0.3,0.48304589153964794,0.0,1.0,97c2de08841fd45bf72a0461154b857beae276c7aef0e76cde8280e82af2d550,16,True
frozen_lake,5,4,10,2,0.2,0.2,0.4216370213557839,0.0,1.0,97c2de08841fd45bf72a0461154b857beae276c7aef0e76cde8280e82af2d550,16,True
frozen_lake,5,5,10,3,0.3,0.3,0.48304589153964794,0.0,1.0,97c2de08841fd45bf72a0461154b857beae276c7aef0e76cde8280e82af2d550,16,True
frozen_lake,5,6,10,2,0.2,0.2,0.4216370213557839,0.0,1.0,97c2de08841fd45bf72a0461154b857beae276c7aef0e76cde8280e82af2d550,16,True
frozen_lake,5,7,10,2,0.2,0.2,0.4216370213557839,0.0,1.0,97c2de08841fd45bf72a0461154b857beae276c7aef0e76cde8280e82af2d550,16,True
frozen_lake,5,8,10,3,0.3,0.3,0.48304589153964794,0.0,1.0,97c2de08841fd45bf72a0461154b857beae276c7aef0e76cde8280e82af2d550,16,True
frozen_lake,6,1,10,0,0.0,0.0,0.0,0.0,0.0,53f8f31616e9bd12effc6729ea9029bc2afb5a3cfbfb6fe5a759dc23225e1c86,16,True
frozen_lake,6,2,10,3,0.3,0.3,0.48304589153964794,0.0,1.0,53f8f31616e9bd12effc6729ea9029bc2afb5a3cfbfb6fe5a759dc23225e1c86,16,True
frozen_lake,6,3,10,1,0.1,0.1,0.31622776601683794,0.0,1.0,53f8f31616e9bd12effc6729ea9029bc2afb5a3cfbfb6fe5a759dc23225e1c86,16,True
frozen_lake,6,4,10,6,0.6,0.6,0.5163977794943223,0.0,1.0,53f8f31616e9bd12effc6729ea9029bc2afb5a3cfbfb6fe5a759dc23225e1c86,16,True
frozen_lake,6,5,10,1,0.1,0.1,0.31622776601683794,0.0,1.0,53f8f31616e9bd12effc6729ea9029bc2afb5a3cfbfb6fe5a759dc23225e1c86,16,True
frozen_lake,6,6,10,2,0.2,0.2,0.4216370213557839,0.0,1.0,53f8f31616e9bd12effc6729ea9029bc2afb5a3cfbfb6fe5a759dc23225e1c86,16,True
frozen_lake,6,7,10,3,0.3,0.3,0.48304589153964794,0.0,1.0,53f8f31616e9bd12effc6729ea9029bc2afb5a3cfbfb6fe5a759dc23225e1c86,16,True
frozen_lake,6,8,10,6,0.6,0.6,0.5163977794943223,0.0,1.0,53f8f31616e9bd12effc6729ea9029bc2afb5a3cfbfb6fe5a759dc23225e1c86,16,True
frozen_lake,7,1,10,2,0.2,0.2,0.4216370213557839,0.0,1.0,53f8f31616e9bd12effc6729ea9029bc2afb5a3cfbfb6fe5a759dc23225e1c86,16,True
frozen_lake,7,2,10,2,0.2,0.2,0.4216370213557839,0.0,1.0,53f8f31616e9bd12effc6729ea9029bc2afb5a3cfbfb6fe5a759dc23225e1c86,16,True
frozen_lake,7,3,10,2,0.2,0.2,0.4216370213557839,0.0,1.0,53f8f31616e9bd12effc6729ea9029bc2afb5a3cfbfb6fe5a759dc23225e1c86,16,True
frozen_lake,7,4,10,2,0.2,0.2,0.4216370213557839,0.0,1.0,53f8f31616e9bd12effc6729ea9029bc2afb5a3cfbfb6fe5a759dc23225e1c86,16,True
frozen_lake,7,5,10,5,0.5,0.5,0.5270462766947299,0.0,1.0,53f8f31616e9bd12effc6729ea9029bc2afb5a3cfbfb6fe5a759dc23225e1c86,16,True
frozen_lake,7,6,10,0,0.0,0.0,0.0,0.0,0.0,53f8f31616e9bd12effc6729ea9029bc2afb5a3cfbfb6fe5a759dc23225e1c86,16,True
frozen_lake,7,7,10,5,0.5,0.5,0.5270462766947299,0.0,1.0,53f8f31616e9bd12effc6729ea9029bc2afb5a3cfbfb6fe5a759dc23225e1c86,16,True
frozen_lake,7,8,10,4,0.4,0.4,0.5163977794943223,0.0,1.0,53f8f31616e9bd12effc6729ea9029bc2afb5a3cfbfb6fe5a759dc23225e1c86,16,True
frozen_lake,8,1,10,3,0.3,0.3,0.48304589153964794,0.0,1.0,53f8f31616e9bd12effc6729ea9029bc2afb5a3cfbfb6fe5a759dc23225e1c86,16,True
frozen_lake,8,2,10,1,0.1,0.1,0.31622776601683794,0.0,1.0,53f8f31616e9bd12effc6729ea9029bc2afb5a3cfbfb6fe5a759dc23225e1c86,16,True
frozen_lake,8,3,10,5,0.5,0.5,0.5270462766947299,0.0,1.0,53f8f31616e9bd12effc6729ea9029bc2afb5a3cfbfb6fe5a759dc23225e1c86,16,True
frozen_lake,8,4,10,3,0.3,0.3,0.48304589153964794,0.0,1.0,53f8f31616e9bd12effc6729ea9029bc2afb5a3cfbfb6fe5a759dc23225e1c86,16,True
frozen_lake,8,5,10,4,0.4,0.4,0.5163977794943223,0.0,1.0,53f8f31616e9bd12effc6729ea9029bc2afb5a3cfbfb6fe5a759dc23225e1c86,16,True
frozen_lake,8,6,10,3,0.3,0.3,0.48304589153964794,0.0,1.0,53f8f31616e9bd12effc6729ea9029bc2afb5a3cfbfb6fe5a759dc23225e1c86,16,True
frozen_lake,8,7,10,0,0.0,0.0,0.0,0.0,0.0,53f8f31616e9bd12effc6729ea9029bc2afb5a3cfbfb6fe5a759dc23225e1c86,16,True
frozen_lake,8,8,10,2,0.2,0.2,0.4216370213557839,0.0,1.0,53f8f31616e9bd12effc6729ea9029bc2afb5a3cfbfb6fe5a759dc23225e1c86,16,True
frozen_lake,9,1,10,4,0.4,0.4,0.5163977794943223,0.0,1.0,6240740a9b21069f8f4cba3a3e3038d32520e2dd6071caaf6091b9bf67ca9b36,15,True
frozen_lake,9,2,10,2,0.2,0.2,0.4216370213557839,0.0,1.0,6240740a9b21069f8f4cba3a3e3038d32520e2dd6071caaf6091b9bf67ca9b36,15,True
frozen_lake,9,3,10,7,0.7,0.7,0.48304589153964794,0.0,1.0,6240740a9b21069f8f4cba3a3e3038d32520e2dd6071caaf6091b9bf67ca9b36,15,True
frozen_lake,9,4,10,4,0.4,0.4,0.5163977794943223,0.0,1.0,6240740a9b21069f8f4cba3a3e3038d32520e2dd6071caaf6091b9bf67ca9b36,15,True
frozen_lake,9,5,10,2,0.2,0.2,0.4216370213557839,0.0,1.0,6240740a9b21069f8f4cba3a3e3038d32520e2dd6071caaf6091b9bf67ca9b36,15,True
frozen_lake,9,6,10,1,0.1,0.1,0.31622776601683794,0.0,1.0,6240740a9b21069f8f4cba3a3e3038d32520e2dd6071caaf6091b9bf67ca9b36,15,True
frozen_lake,9,7,10,3,0.3,0.3,0.48304589153964794,0.0,1.0,6240740a9b21069f8f4cba3a3e3038d32520e2dd6071caaf6091b9bf67ca9b36,15,True
frozen_lake,9,8,10,3,0.3,0.3,0.48304589153964794,0.0,1.0,6240740a9b21069f8f4cba3a3e3038d32520e2dd6071caaf6091b9bf67ca9b36,15,True
frozen_lake,10,1,10,4,0.4,0.4,0.5163977794943223,0.0,1.0,6240740a9b21069f8f4cba3a3e3038d32520e2dd6071caaf6091b9bf67ca9b36,15,True
frozen_lake,10,2,10,1,0.1,0.1,0.31622776601683794,0.0,1.0,6240740a9b21069f8f4cba3a3e3038d32520e2dd6071caaf6091b9bf67ca9b36,15,True
frozen_lake,10,3,10,3,0.3,0.3,0.48304589153964794,0.0,1.0,6240740a9b21069f8f4cba3a3e3038d32520e2dd6071caaf6091b9bf67ca9b36,15,True
frozen_lake,10,4,10,4,0.4,0.4,0.5163977794943223,0.0,1.0,6240740a9b21069f8f4cba3a3e3038d32520e2dd6071caaf6091b9bf67ca9b36,15,True
frozen_lake,10,5,10,1,0.1,0.1,0.31622776601683794,0.0,1.0,6240740a9b21069f8f4cba3a3e3038d32520e2dd6071caaf6091b9bf67ca9b36,15,True
frozen_lake,10,6,10,2,0.2,0.2,0.4216370213557839,0.0,1.0,6240740a9b21069f8f4cba3a3e3038d32520e2dd6071caaf6091b9bf67ca9b36,15,True
frozen_lake,10,7,10,3,0.3,0.3,0.48304589153964794,0.0,1.0,6240740a9b21069f8f4cba3a3e3038d32520e2dd6071caaf6091b9bf67ca9b36,15,True
frozen_lake,10,8,10,4,0.4,0.4,0.5163977794943223,0.0,1.0,6240740a9b21069f8f4cba3a3e3038d32520e2dd6071caaf6091b9bf67ca9b36,15,True
frozen_lake,11,1,10,1,0.1,0.1,0.31622776601683794,0.0,1.0,7af49fe3e7c1b147b0a2e2af18b7b138820115d32d6fff7468add04973dc1449,16,True
frozen_lake,11,2,10,3,0.3,0.3,0.48304589153964794,0.0,1.0,7af49fe3e7c1b147b0a2e2af18b7b138820115d32d6fff7468add04973dc1449,16,True
frozen_lake,11,3,10,5,0.5,0.5,0.5270462766947299,0.0,1.0,7af49fe3e7c1b147b0a2e2af18b7b138820115d32d6fff7468add04973dc1449,16,True
frozen_lake,11,4,10,1,0.1,0.1,0.31622776601683794,0.0,1.0,7af49fe3e7c1b147b0a2e2af18b7b138820115d32d6fff7468add04973dc1449,16,True
frozen_lake,11,5,10,3,0.3,0.3,0.48304589153964794,0.0,1.0,7af49fe3e7c1b147b0a2e2af18b7b138820115d32d6fff7468add04973dc1449,16,True
frozen_lake,11,6,10,3,0.3,0.3,0.48304589153964794,0.0,1.0,7af49fe3e7c1b147b0a2e2af18b7b138820115d32d6fff7468add04973dc1449,16,True
frozen_lake,11,7,10,2,0.2,0.2,0.4216370213557839,0.0,1.0,7af49fe3e7c1b147b0a2e2af18b7b138820115d32d6fff7468add04973dc1449,16,True
frozen_lake,11,8,10,2,0.2,0.2,0.4216370213557839,0.0,1.0,7af49fe3e7c1b147b0a2e2af18b7b138820115d32d6fff7468add04973dc1449,16,True
frozen_lake,12,1,10,4,0.4,0.4,0.5163977794943223,0.0,1.0,7af49fe3e7c1b147b0a2e2af18b7b138820115d32d6fff7468add04973dc1449,16,True
frozen_lake,12,2,10,4,0.4,0.4,0.5163977794943223,0.0,1.0,7af49fe3e7c1b147b0a2e2af18b7b138820115d32d6fff7468add04973dc1449,16,True
frozen_lake,12,3,10,3,0.3,0.3,0.48304589153964794,0.0,1.0,7af49fe3e7c1b147b0a2e2af18b7b138820115d32d6fff7468add04973dc1449,16,True
frozen_lake,12,4,10,2,0.2,0.2,0.4216370213557839,0.0,1.0,7af49fe3e7c1b147b0a2e2af18b7b138820115d32d6fff7468add04973dc1449,16,True
frozen_lake,12,5,10,5,0.5,0.5,0.5270462766947299,0.0,1.0,7af49fe3e7c1b147b0a2e2af18b7b138820115d32d6fff7468add04973dc1449,16,True
frozen_lake,12,6,10,3,0.3,0.3,0.48304589153964794,0.0,1.0,7af49fe3e7c1b147b0a2e2af18b7b138820115d32d6fff7468add04973dc1449,16,True
frozen_lake,12,7,10,2,0.2,0.2,0.4216370213557839,0.0,1.0,7af49fe3e7c1b147b0a2e2af18b7b138820115d32d6fff7468add04973dc1449,16,True
frozen_lake,12,8,10,3,0.3,0.3,0.48304589153964794,0.0,1.0,7af49fe3e7c1b147b0a2e2af18b7b138820115d32d6fff7468add04973dc1449,16,True
frozen_lake,13,1,10,2,0.2,0.2,0.4216370213557839,0.0,1.0,7af49fe3e7c1b147b0a2e2af18b7b138820115d32d6fff7468add04973dc1449,16,True
frozen_lake,13,2,10,3,0.3,0.3,0.48304589153964794,0.0,1.0,7af49fe3e7c1b147b0a2e2af18b7b138820115d32d6fff7468add04973dc1449,16,True
frozen_lake,13,3,10,4,0.4,0.4,0.5163977794943223,0.0,1.0,7af49fe3e7c1b147b0a2e2af18b7b138820115d32d6fff7468add04973dc1449,16,True
frozen_lake,13,4,10,2,0.2,0.2,0.4216370213557839,0.0,1.0,7af49fe3e7c1b147b0a2e2af18b7b138820115d32d6fff7468add04973dc1449,16,True
frozen_lake,13,5,10,4,0.4,0.4,0.5163977794943223,0.0,1.0,7af49fe3e7c1b147b0a2e2af18b7b138820115d32d6fff7468add04973dc1449,16,True
frozen_lake,13,6,10,4,0.4,0.4,0.5163977794943223,0.0,1.0,7af49fe3e7c1b147b0a2e2af18b7b138820115d32d6fff7468add04973dc1449,16,True
frozen_lake,13,7,10,3,0.3,0.3,0.48304589153964794,0.0,1.0,7af49fe3e7c1b147b0a2e2af18b7b138820115d32d6fff7468add04973dc1449,16,True
frozen_lake,13,8,10,5,0.5,0.5,0.5270462766947299,0.0,1.0,7af49fe3e7c1b147b0a2e2af18b7b138820115d32d6fff7468add04973dc1449,16,True
frozen_lake,14,1,10,3,0.3,0.3,0.48304589153964794,0.0,1.0,7af49fe3e7c1b147b0a2e2af18b7b138820115d32d6fff7468add04973dc1449,16,True
frozen_lake,14,2,10,2,0.2,0.2,0.4216370213557839,0.0,1.0,7af49fe3e7c1b147b0a2e2af18b7b138820115d32d6fff7468add04973dc1449,16,True
frozen_lake,14,3,10,4,0.4,0.4,0.5163977794943223,0.0,1.0,7af49fe3e7c1b147b0a2e2af18b7b138820115d32d6fff7468add04973dc1449,16,True
frozen_lake,14,4,10,1,0.1,0.1,0.31622776601683794,0.0,1.0,7af49fe3e7c1b147b0a2e2af18b7b138820115d32d6fff7468add04973dc1449,16,True
frozen_lake,14,5,10,2,0.2,0.2,0.4216370213557839,0.0,1.0,7af49fe3e7c1b147b0a2e2af18b7b138820115d32d6fff7468add04973dc1449,16,True
frozen_lake,14,6,10,5,0.5,0.5,0.5270462766947299,0.0,1.0,7af49fe3e7c1b147b0a2e2af18b7b138820115d32d6fff7468add04973dc1449,16,True
frozen_lake,14,7,10,2,0.2,0.2,0.4216370213557839,0.0,1.0,7af49fe3e7c1b147b0a2e2af18b7b138820115d32d6fff7468add04973dc1449,16,True
frozen_lake,14,8,10,1,0.1,0.1,0.31622776601683794,0.0,1.0,7af49fe3e7c1b147b0a2e2af18b7b138820115d32d6fff7468add04973dc1449,16,True
frozen_lake,15,1,10,2,0.2,0.2,0.4216370213557839,0.0,1.0,9921e3feca4c5c34c78a1bcd92a8831edf8ab3f0ea34bca576e11431d178edb1,17,True
frozen_lake,15,2,10,2,0.2,0.2,0.4216370213557839,0.0,1.0,9921e3feca4c5c34c78a1bcd92a8831edf8ab3f0ea34bca576e11431d178edb1,17,True
frozen_lake,15,3,10,2,0.2,0.2,0.4216370213557839,0.0,1.0,9921e3feca4c5c34c78a1bcd92a8831edf8ab3f0ea34bca576e11431d178edb1,17,True
frozen_lake,15,4,10,3,0.3,0.3,0.48304589153964794,0.0,1.0,9921e3feca4c5c34c78a1bcd92a8831edf8ab3f0ea34bca576e11431d178edb1,17,True
frozen_lake,15,5,10,3,0.3,0.3,0.48304589153964794,0.0,1.0,9921e3feca4c5c34c78a1bcd92a8831edf8ab3f0ea34bca576e11431d178edb1,17,True
frozen_lake,15,6,10,2,0.2,0.2,0.4216370213557839,0.0,1.0,9921e3feca4c5c34c78a1bcd92a8831edf8ab3f0ea34bca576e11431d178edb1,17,True
frozen_lake,15,7,10,5,0.5,0.5,0.5270462766947299,0.0,1.0,9921e3feca4c5c34c78a1bcd92a8831edf8ab3f0ea34bca576e11431d178edb1,17,True
frozen_lake,15,8,10,4,0.4,0.4,0.5163977794943223,0.0,1.0,9921e3feca4c5c34c78a1bcd92a8831edf8ab3f0ea34bca576e11431d178edb1,17,True
frozen_lake,16,1,10,3,0.3,0.3,0.48304589153964794,0.0,1.0,e8b20fa90b0b4705a5500442abaea63e06b0ce692864a9435469c1d6a6abb2fb,16,True
frozen_lake,16,2,10,3,0.3,0.3,0.48304589153964794,0.0,1.0,e8b20fa90b0b4705a5500442abaea63e06b0ce692864a9435469c1d6a6abb2fb,16,True
frozen_lake,16,3,10,2,0.2,0.2,0.4216370213557839,0.0,1.0,e8b20fa90b0b4705a5500442abaea63e06b0ce692864a9435469c1d6a6abb2fb,16,True
frozen_lake,16,4,10,4,0.4,0.4,0.5163977794943223,0.0,1.0,e8b20fa90b0b4705a5500442abaea63e06b0ce692864a9435469c1d6a6abb2fb,16,True
frozen_lake,16,5,10,3,0.3,0.3,0.48304589153964794,0.0,1.0,e8b20fa90b0b4705a5500442abaea63e06b0ce692864a9435469c1d6a6abb2fb,16,True
frozen_lake,16,6,10,3,0.3,0.3,0.48304589153964794,0.0,1.0,e8b20fa90b0b4705a5500442abaea63e06b0ce692864a9435469c1d6a6abb2fb,16,True
frozen_lake,16,7,10,4,0.4,0.4,0.5163977794943223,0.0,1.0,e8b20fa90b0b4705a5500442abaea63e06b0ce692864a9435469c1d6a6abb2fb,16,True
frozen_lake,16,8,10,3,0.3,0.3,0.48304589153964794,0.0,1.0,e8b20fa90b0b4705a5500442abaea63e06b0ce692864a9435469c1d6a6abb2fb,16,True
frozen_lake,17,1,10,3,0.3,0.3,0.48304589153964794,0.0,1.0,7b625718766d9f3559c4d3159a120a9c8a2e9fb0c0f38934946c6514b2fe0b0d,16,True
frozen_lake,17,2,10,3,0.3,0.3,0.48304589153964794,0.0,1.0,7b625718766d9f3559c4d3159a120a9c8a2e9fb0c0f38934946c6514b2fe0b0d,16,True
frozen_lake,17,3,10,5,0.5,0.5,0.5270462766947299,0.0,1.0,7b625718766d9f3559c4d3159a120a9c8a2e9fb0c0f38934946c6514b2fe0b0d,16,True
frozen_lake,17,4,10,3,0.3,0.3,0.48304589153964794,0.0,1.0,7b625718766d9f3559c4d3159a120a9c8a2e9fb0c0f38934946c6514b2fe0b0d,16,True
frozen_lake,17,5,10,1,0.1,0.1,0.31622776601683794,0.0,1.0,7b625718766d9f3559c4d3159a120a9c8a2e9fb0c0f38934946c6514b2fe0b0d,16,True
frozen_lake,17,6,10,1,0.1,0.1,0.31622776601683794,0.0,1.0,7b625718766d9f3559c4d3159a120a9c8a2e9fb0c0f38934946c6514b2fe0b0d,16,True
frozen_lake,17,7,10,5,0.5,0.5,0.5270462766947299,0.0,1.0,7b625718766d9f3559c4d3159a120a9c8a2e9fb0c0f38934946c6514b2fe0b0d,16,True
frozen_lake,17,8,10,4,0.4,0.4,0.5163977794943223,0.0,1.0,7b625718766d9f3559c4d3159a120a9c8a2e9fb0c0f38934946c6514b2fe0b0d,16,True
frozen_lake,18,1,10,0,0.0,0.0,0.0,0.0,0.0,7b625718766d9f3559c4d3159a120a9c8a2e9fb0c0f38934946c6514b2fe0b0d,16,True
frozen_lake,18,2,10,4,0.4,0.4,0.5163977794943223,0.0,1.0,7b625718766d9f3559c4d3159a120a9c8a2e9fb0c0f38934946c6514b2fe0b0d,16,True
frozen_lake,18,3,10,5,0.5,0.5,0.5270462766947299,0.0,1.0,7b625718766d9f3559c4d3159a120a9c8a2e9fb0c0f38934946c6514b2fe0b0d,16,True
frozen_lake,18,4,10,3,0.3,0.3,0.48304589153964794,0.0,1.0,7b625718766d9f3559c4d3159a120a9c8a2e9fb0c0f38934946c6514b2fe0b0d,16,True
frozen_lake,18,5,10,4,0.4,0.4,0.5163977794943223,0.0,1.0,7b625718766d9f3559c4d3159a120a9c8a2e9fb0c0f38934946c6514b2fe0b0d,16,True
frozen_lake,18,6,10,2,0.2,0.2,0.4216370213557839,0.0,1.0,7b625718766d9f3559c4d3159a120a9c8a2e9fb0c0f38934946c6514b2fe0b0d,16,True
frozen_lake,18,7,10,5,0.5,0.5,0.5270462766947299,0.0,1.0,7b625718766d9f3559c4d3159a120a9c8a2e9fb0c0f38934946c6514b2fe0b0d,16,True
frozen_lake,18,8,10,2,0.2,0.2,0.4216370213557839,0.0,1.0,7b625718766d9f3559c4d3159a120a9c8a2e9fb0c0f38934946c6514b2fe0b0d,16,True
frozen_lake,19,1,10,3,0.3,0.3,0.48304589153964794,0.0,1.0,7b625718766d9f3559c4d3159a120a9c8a2e9fb0c0f38934946c6514b2fe0b0d,16,True
frozen_lake,19,2,10,3,0.3,0.3,0.48304589153964794,0.0,1.0,7b625718766d9f3559c4d3159a120a9c8a2e9fb0c0f38934946c6514b2fe0b0d,16,True
frozen_lake,19,3,10,2,0.2,0.2,0.4216370213557839,0.0,1.0,7b625718766d9f3559c4d3159a120a9c8a2e9fb0c0f38934946c6514b2fe0b0d,16,True
frozen_lake,19,4,10,4,0.4,0.4,0.5163977794943223,0.0,1.0,7b625718766d9f3559c4d3159a120a9c8a2e9fb0c0f38934946c6514b2fe0b0d,16,True
frozen_lake,19,5,10,4,0.4,0.4,0.5163977794943223,0.0,1.0,7b625718766d9f3559c4d3159a120a9c8a2e9fb0c0f38934946c6514b2fe0b0d,16,True
frozen_lake,19,6,10,3,0.3,0.3,0.48304589153964794,0.0,1.0,7b625718766d9f3559c4d3159a120a9c8a2e9fb0c0f38934946c6514b2fe0b0d,16,True
frozen_lake,19,7,10,5,0.5,0.5,0.5270462766947299,0.0,1.0,7b625718766d9f3559c4d3159a120a9c8a2e9fb0c0f38934946c6514b2fe0b0d,16,True
frozen_lake,19,8,10,4,0.4,0.4,0.5163977794943223,0.0,1.0,7b625718766d9f3559c4d3159a120a9c8a2e9fb0c0f38934946c6514b2fe0b0d,16,True
frozen_lake,20,1,10,5,0.5,0.5,0.5270462766947299,0.0,1.0,ed8ef4637beb58ef226188b96bdd384b028196cb1bb3b475149cb98d3cc5f7f0,17,True
frozen_lake,20,2,10,3,0.3,0.3,0.48304589153964794,0.0,1.0,ed8ef4637beb58ef226188b96bdd384b028196cb1bb3b475149cb98d3cc5f7f0,17,True
frozen_lake,20,3,10,4,0.4,0.4,0.5163977794943223,0.0,1.0,ed8ef4637beb58ef226188b96bdd384b028196cb1bb3b475149cb98d3cc5f7f0,17,True
frozen_lake,20,4,10,6,0.6,0.6,0.5163977794943223,0.0,1.0,ed8ef4637beb58ef226188b96bdd384b028196cb1bb3b475149cb98d3cc5f7f0,17,True
frozen_lake,20,5,10,2,0.2,0.2,0.4216370213557839,0.0,1.0,ed8ef4637beb58ef226188b96bdd384b028196cb1bb3b475149cb98d3cc5f7f0,17,True
frozen_lake,20,6,10,2,0.2,0.2,0.4216370213557839,0.0,1.0,ed8ef4637beb58ef226188b96bdd384b028196cb1bb3b475149cb98d3cc5f7f0,17,True
frozen_lake,20,7,10,5,0.5,0.5,0.5270462766947299,0.0,1.0,ed8ef4637beb58ef226188b96bdd384b028196cb1bb3b475149cb98d3cc5f7f0,17,True
frozen_lake,20,8,10,4,0.4,0.4,0.5163977794943223,0.0,1.0,ed8ef4637beb58ef226188b96bdd384b028196cb1bb3b475149cb98d3cc5f7f0,17,True
frozen_lake,21,1,10,6,0.6,0.6,0.5163977794943223,0.0,1.0,0ea181f60ff028c158e29fde3e38211870359565a4bb2dc013ab441bc7eecc71,18,True
frozen_lake,21,2,10,5,0.5,0.5,0.5270462766947299,0.0,1.0,0ea181f60ff028c158e29fde3e38211870359565a4bb2dc013ab441bc7eecc71,18,True
frozen_lake,21,3,10,1,0.1,0.1,0.31622776601683794,0.0,1.0,0ea181f60ff028c158e29fde3e38211870359565a4bb2dc013ab441bc7eecc71,18,True
frozen_lake,21,4,10,8,0.8,0.8,0.4216370213557839,0.0,1.0,0ea181f60ff028c158e29fde3e38211870359565a4bb2dc013ab441bc7eecc71,18,True
frozen_lake,21,5,10,3,0.3,0.3,0.48304589153964794,0.0,1.0,0ea181f60ff028c158e29fde3e38211870359565a4bb2dc013ab441bc7eecc71,18,True
frozen_lake,21,6,10,4,0.4,0.4,0.5163977794943223,0.0,1.0,0ea181f60ff028c158e29fde3e38211870359565a4bb2dc013ab441bc7eecc71,18,True
frozen_lake,21,7,10,5,0.5,0.5,0.5270462766947299,0.0,1.0,0ea181f60ff028c158e29fde3e38211870359565a4bb2dc013ab441bc7eecc71,18,True
frozen_lake,21,8,10,5,0.5,0.5,0.5270462766947299,0.0,1.0,0ea181f60ff028c158e29fde3e38211870359565a4bb2dc013ab441bc7eecc71,18,True
frozen_lake,22,1,10,2,0.2,0.2,0.4216370213557839,0.0,1.0,0d446f0684ee1c26f883e09dc4deffee51563bb2b7a88b46e50204b3a4301818,19,True
frozen_lake,22,2,10,1,0.1,0.1,0.31622776601683794,0.0,1.0,0d446f0684ee1c26f883e09dc4deffee51563bb2b7a88b46e50204b3a4301818,19,True
frozen_lake,22,3,10,5,0.5,0.5,0.5270462766947299,0.0,1.0,0d446f0684ee1c26f883e09dc4deffee51563bb2b7a88b46e50204b3a4301818,19,True
frozen_lake,22,4,10,3,0.3,0.3,0.48304589153964794,0.0,1.0,0d446f0684ee1c26f883e09dc4deffee51563bb2b7a88b46e50204b3a4301818,19,True
frozen_lake,22,5,10,5,0.5,0.5,0.5270462766947299,0.0,1.0,0d446f0684ee1c26f883e09dc4deffee51563bb2b7a88b46e50204b3a4301818,19,True
frozen_lake,22,6,10,5,0.5,0.5,0.5270462766947299,0.0,1.0,0d446f0684ee1c26f883e09dc4deffee51563bb2b7a88b46e50204b3a4301818,19,True
frozen_lake,22,7,10,4,0.4,0.4,0.5163977794943223,0.0,1.0,0d446f0684ee1c26f883e09dc4deffee51563bb2b7a88b46e50204b3a4301818,19,True
frozen_lake,22,8,10,4,0.4,0.4,0.5163977794943223,0.0,1.0,0d446f0684ee1c26f883e09dc4deffee51563bb2b7a88b46e50204b3a4301818,19,True
frozen_lake,23,1,10,3,0.3,0.3,0.48304589153964794,0.0,1.0,afc571975a448d74c40edb02920f102e0a5a04949a814199a552f3c6de1201e4,19,True
frozen_lake,23,2,10,5,0.5,0.5,0.5270462766947299,0.0,1.0,afc571975a448d74c40edb02920f102e0a5a04949a814199a552f3c6de1201e4,19,True
frozen_lake,23,3,10,4,0.4,0.4,0.5163977794943223,0.0,1.0,afc571975a448d74c40edb02920f102e0a5a04949a814199a552f3c6de1201e4,19,True
frozen_lake,23,4,10,8,0.8,0.8,0.4216370213557839,0.0,1.0,afc571975a448d74c40edb02920f102e0a5a04949a814199a552f3c6de1201e4,19,True
frozen_lake,23,5,10,5,0.5,0.5,0.5270462766947299,0.0,1.0,afc571975a448d74c40edb02920f102e0a5a04949a814199a552f3c6de1201e4,19,True
frozen_lake,23,6,10,4,0.4,0.4,0.5163977794943223,0.0,1.0,afc571975a448d74c40edb02920f102e0a5a04949a814199a552f3c6de1201e4,19,True
frozen_lake,23,7,10,4,0.4,0.4,0.5163977794943223,0.0,1.0,afc571975a448d74c40edb02920f102e0a5a04949a814199a552f3c6de1201e4,19,True
frozen_lake,23,8,10,3,0.3,0.3,0.48304589153964794,0.0,1.0,afc571975a448d74c40edb02920f102e0a5a04949a814199a552f3c6de1201e4,19,True
frozen_lake,24,1,10,5,0.5,0.5,0.5270462766947299,0.0,1.0,afc571975a448d74c40edb02920f102e0a5a04949a814199a552f3c6de1201e4,19,True
frozen_lake,24,2,10,4,0.4,0.4,0.5163977794943223,0.0,1.0,afc571975a448d74c40edb02920f102e0a5a04949a814199a552f3c6de1201e4,19,True
frozen_lake,24,3,10,6,0.6,0.6,0.5163977794943223,0.0,1.0,afc571975a448d74c40edb02920f102e0a5a04949a814199a552f3c6de1201e4,19,True
frozen_lake,24,4,10,4,0.4,0.4,0.5163977794943223,0.0,1.0,afc571975a448d74c40edb02920f102e0a5a04949a814199a552f3c6de1201e4,19,True
frozen_lake,24,5,10,6,0.6,0.6,0.5163977794943223,0.0,1.0,afc571975a448d74c40edb02920f102e0a5a04949a814199a552f3c6de1201e4,19,True
frozen_lake,24,6,10,3,0.3,0.3,0.48304589153964794,0.0,1.0,afc571975a448d74c40edb02920f102e0a5a04949a814199a552f3c6de1201e4,19,True
frozen_lake,24,7,10,3,0.3,0.3,0.48304589153964794,0.0,1.0,afc571975a448d74c40edb02920f102e0a5a04949a814199a552f3c6de1201e4,19,True
frozen_lake,24,8,10,3,0.3,0.3,0.48304589153964794,0.0,1.0,afc571975a448d74c40edb02920f102e0a5a04949a814199a552f3c6de1201e4,19,True
frozen_lake,25,1,10,3,0.3,0.3,0.48304589153964794,0.0,1.0,f85292df2c9e40cf0d4f253efd9b4fa84ccac83a4606c62ee56b90ba7656b766,20,True
frozen_lake,25,2,10,6,0.6,0.6,0.5163977794943223,0.0,1.0,f85292df2c9e40cf0d4f253efd9b4fa84ccac83a4606c62ee56b90ba7656b766,20,True
frozen_lake,25,3,10,4,0.4,0.4,0.5163977794943223,0.0,1.0,f85292df2c9e40cf0d4f253efd9b4fa84ccac83a4606c62ee56b90ba7656b766,20,True
frozen_lake,25,4,10,2,0.2,0.2,0.4216370213557839,0.0,1.0,f85292df2c9e40cf0d4f253efd9b4fa84ccac83a4606c62ee56b90ba7656b766,20,True
frozen_lake,25,5,10,4,0.4,0.4,0.5163977794943223,0.0,1.0,f85292df2c9e40cf0d4f253efd9b4fa84ccac83a4606c62ee56b90ba7656b766,20,True
frozen_lake,25,6,10,2,0.2,0.2,0.4216370213557839,0.0,1.0,f85292df2c9e40cf0d4f253efd9b4fa84ccac83a4606c62ee56b90ba7656b766,20,True
frozen_lake,25,7,10,2,0.2,0.2,0.4216370213557839,0.0,1.0,f85292df2c9e40cf0d4f253efd9b4fa84ccac83a4606c62ee56b90ba7656b766,20,True
frozen_lake,25,8,10,3,0.3,0.3,0.48304589153964794,0.0,1.0,f85292df2c9e40cf0d4f253efd9b4fa84ccac83a4606c62ee56b90ba7656b766,20,True
frozen_lake,26,1,10,4,0.4,0.4,0.5163977794943223,0.0,1.0,f85292df2c9e40cf0d4f253efd9b4fa84ccac83a4606c62ee56b90ba7656b766,20,True
frozen_lake,26,2,10,4,0.4,0.4,0.5163977794943223,0.0,1.0,f85292df2c9e40cf0d4f253efd9b4fa84ccac83a4606c62ee56b90ba7656b766,20,True
frozen_lake,26,3,10,4,0.4,0.4,0.5163977794943223,0.0,1.0,f85292df2c9e40cf0d4f253efd9b4fa84ccac83a4606c62ee56b90ba7656b766,20,True
frozen_lake,26,4,10,5,0.5,0.5,0.5270462766947299,0.0,1.0,f85292df2c9e40cf0d4f253efd9b4fa84ccac83a4606c62ee56b90ba7656b766,20,True
frozen_lake,26,5,10,4,0.4,0.4,0.5163977794943223,0.0,1.0,f85292df2c9e40cf0d4f253efd9b4fa84ccac83a4606c62ee56b90ba7656b766,20,True
frozen_lake,26,6,10,6,0.6,0.6,0.5163977794943223,0.0,1.0,f85292df2c9e40cf0d4f253efd9b4fa84ccac83a4606c62ee56b90ba7656b766,20,True
frozen_lake,26,7,10,4,0.4,0.4,0.5163977794943223,0.0,1.0,f85292df2c9e40cf0d4f253efd9b4fa84ccac83a4606c62ee56b90ba7656b766,20,True
frozen_lake,26,8,10,3,0.3,0.3,0.48304589153964794,0.0,1.0,f85292df2c9e40cf0d4f253efd9b4fa84ccac83a4606c62ee56b90ba7656b766,20,True
frozen_lake,27,1,10,6,0.6,0.6,0.5163977794943223,0.0,1.0,b5d2089cdb546449cdfe40a51c0021593a5477b8795df1892a8d6cf4a8baafb4,21,True
frozen_lake,27,2,10,4,0.4,0.4,0.5163977794943223,0.0,1.0,b5d2089cdb546449cdfe40a51c0021593a5477b8795df1892a8d6cf4a8baafb4,21,True
frozen_lake,27,3,10,4,0.4,0.4,0.5163977794943223,0.0,1.0,b5d2089cdb546449cdfe40a51c0021593a5477b8795df1892a8d6cf4a8baafb4,21,True
frozen_lake,27,4,10,3,0.3,0.3,0.48304589153964794,0.0,1.0,b5d2089cdb546449cdfe40a51c0021593a5477b8795df1892a8d6cf4a8baafb4,21,True
frozen_lake,27,5,10,4,0.4,0.4,0.5163977794943223,0.0,1.0,b5d2089cdb546449cdfe40a51c0021593a5477b8795df1892a8d6cf4a8baafb4,21,True
frozen_lake,27,6,10,4,0.4,0.4,0.5163977794943223,0.0,1.0,b5d2089cdb546449cdfe40a51c0021593a5477b8795df1892a8d6cf4a8baafb4,21,True
frozen_lake,27,7,10,3,0.3,0.3,0.48304589153964794,0.0,1.0,b5d2089cdb546449cdfe40a51c0021593a5477b8795df1892a8d6cf4a8baafb4,21,True
frozen_lake,27,8,10,3,0.3,0.3,0.48304589153964794,0.0,1.0,b5d2089cdb546449cdfe40a51c0021593a5477b8795df1892a8d6cf4a8baafb4,21,True
frozen_lake,28,1,10,3,0.3,0.3,0.48304589153964794,0.0,1.0,abed13f1d03331c8e80676e3b05137d595ce20ac697c723feae303b828260fbe,22,True
frozen_lake,28,2,10,2,0.2,0.2,0.4216370213557839,0.0,1.0,abed13f1d03331c8e80676e3b05137d595ce20ac697c723feae303b828260fbe,22,True
frozen_lake,28,3,10,4,0.4,0.4,0.5163977794943223,0.0,1.0,abed13f1d03331c8e80676e3b05137d595ce20ac697c723feae303b828260fbe,22,True
frozen_lake,28,4,10,1,0.1,0.1,0.31622776601683794,0.0,1.0,abed13f1d03331c8e80676e3b05137d595ce20ac697c723feae303b828260fbe,22,True
frozen_lake,28,5,10,2,0.2,0.2,0.4216370213557839,0.0,1.0,abed13f1d03331c8e80676e3b05137d595ce20ac697c723feae303b828260fbe,22,True
frozen_lake,28,6,10,3,0.3,0.3,0.48304589153964794,0.0,1.0,abed13f1d03331c8e80676e3b05137d595ce20ac697c723feae303b828260fbe,22,True
frozen_lake,28,7,10,5,0.5,0.5,0.5270462766947299,0.0,1.0,abed13f1d03331c8e80676e3b05137d595ce20ac697c723feae303b828260fbe,22,True
frozen_lake,28,8,10,4,0.4,0.4,0.5163977794943223,0.0,1.0,abed13f1d03331c8e80676e3b05137d595ce20ac697c723feae303b828260fbe,22,True
frozen_lake,29,1,10,2,0.2,0.2,0.4216370213557839,0.0,1.0,f154e43ddf706cf687878f4f629789c695bb725fd8cd572b69a20e8eb8533850,22,True
frozen_lake,29,2,10,4,0.4,0.4,0.5163977794943223,0.0,1.0,f154e43ddf706cf687878f4f629789c695bb725fd8cd572b69a20e8eb8533850,22,True
frozen_lake,29,3,10,2,0.2,0.2,0.4216370213557839,0.0,1.0,f154e43ddf706cf687878f4f629789c695bb725fd8cd572b69a20e8eb8533850,22,True
frozen_lake,29,4,10,4,0.4,0.4,0.5163977794943223,0.0,1.0,f154e43ddf706cf687878f4f629789c695bb725fd8cd572b69a20e8eb8533850,22,True
frozen_lake,29,5,10,6,0.6,0.6,0.5163977794943223,0.0,1.0,f154e43ddf706cf687878f4f629789c695bb725fd8cd572b69a20e8eb8533850,22,True
frozen_lake,29,6,10,4,0.4,0.4,0.5163977794943223,0.0,1.0,f154e43ddf706cf687878f4f629789c695bb725fd8cd572b69a20e8eb8533850,22,True
frozen_lake,29,7,10,4,0.4,0.4,0.5163977794943223,0.0,1.0,f154e43ddf706cf687878f4f629789c695bb725fd8cd572b69a20e8eb8533850,22,True
frozen_lake,29,8,10,2,0.2,0.2,0.4216370213557839,0.0,1.0,f154e43ddf706cf687878f4f629789c695bb725fd8cd572b69a20e8eb8533850,22,True
frozen_lake,30,1,10,2,0.2,0.2,0.4216370213557839,0.0,1.0,a3f769caeb93e314e929e656646bb30e70e0ac3021bec8ff71d3a13a0c736bff,22,True
frozen_lake,30,2,10,1,0.1,0.1,0.31622776601683794,0.0,1.0,a3f769caeb93e314e929e656646bb30e70e0ac3021bec8ff71d3a13a0c736bff,22,True
frozen_lake,30,3,10,3,0.3,0.3,0.48304589153964794,0.0,1.0,a3f769caeb93e314e929e656646bb30e70e0ac3021bec8ff71d3a13a0c736bff,22,True
frozen_lake,30,4,10,5,0.5,0.5,0.5270462766947299,0.0,1.0,a3f769caeb93e314e929e656646bb30e70e0ac3021bec8ff71d3a13a0c736bff,22,True
frozen_lake,30,5,10,3,0.3,0.3,0.48304589153964794,0.0,1.0,a3f769caeb93e314e929e656646bb30e70e0ac3021bec8ff71d3a13a0c736bff,22,True
frozen_lake,30,6,10,4,0.4,0.4,0.5163977794943223,0.0,1.0,a3f769caeb93e314e929e656646bb30e70e0ac3021bec8ff71d3a13a0c736bff,22,True
frozen_lake,30,7,10,3,0.3,0.3,0.48304589153964794,0.0,1.0,a3f769caeb93e314e929e656646bb30e70e0ac3021bec8ff71d3a13a0c736bff,22,True
frozen_lake,30,8,10,4,0.4,0.4,0.5163977794943223,0.0,1.0,a3f769caeb93e314e929e656646bb30e70e0ac3021bec8ff71d3a13a0c736bff,22,True
frozen_lake,31,1,10,4,0.4,0.4,0.5163977794943223,0.0,1.0,a93de526813e3fc00dc28c810a8ecaa1128a947462dbaaa81b1cf20e5306d0a2,23,True
frozen_lake,31,2,10,4,0.4,0.4,0.5163977794943223,0.0,1.0,a93de526813e3fc00dc28c810a8ecaa1128a947462dbaaa81b1cf20e5306d0a2,23,True
frozen_lake,31,3,10,5,0.5,0.5,0.5270462766947299,0.0,1.0,a93de526813e3fc00dc28c810a8ecaa1128a947462dbaaa81b1cf20e5306d0a2,23,True
frozen_lake,31,4,10,2,0.2,0.2,0.4216370213557839,0.0,1.0,a93de526813e3fc00dc28c810a8ecaa1128a947462dbaaa81b1cf20e5306d0a2,23,True
frozen_lake,31,5,10,2,0.2,0.2,0.4216370213557839,0.0,1.0,a93de526813e3fc00dc28c810a8ecaa1128a947462dbaaa81b1cf20e5306d0a2,23,True
frozen_lake,31,6,10,5,0.5,0.5,0.5270462766947299,0.0,1.0,a93de526813e3fc00dc28c810a8ecaa1128a947462dbaaa81b1cf20e5306d0a2,23,True
frozen_lake,31,7,10,4,0.4,0.4,0.5163977794943223,0.0,1.0,a93de526813e3fc00dc28c810a8ecaa1128a947462dbaaa81b1cf20e5306d0a2,23,True
frozen_lake,31,8,10,4,0.4,0.4,0.5163977794943223,0.0,1.0,a93de526813e3fc00dc28c810a8ecaa1128a947462dbaaa81b1cf20e5306d0a2,23,True
frozen_lake,32,1,10,2,0.2,0.2,0.4216370213557839,0.0,1.0,72c448e7bb19cf77cbfc5b79a53808f85dc07f7ab1db42b5e9599ce351740f58,24,True
frozen_lake,32,2,10,1,0.1,0.1,0.31622776601683794,0.0,1.0,72c448e7bb19cf77cbfc5b79a53808f85dc07f7ab1db42b5e9599ce351740f58,24,True
frozen_lake,32,3,10,3,0.3,0.3,0.48304589153964794,0.0,1.0,72c448e7bb19cf77cbfc5b79a53808f85dc07f7ab1db42b5e9599ce351740f58,24,True
frozen_lake,32,4,10,1,0.1,0.1,0.31622776601683794,0.0,1.0,72c448e7bb19cf77cbfc5b79a53808f85dc07f7ab1db42b5e9599ce351740f58,24,True
frozen_lake,32,5,10,3,0.3,0.3,0.48304589153964794,0.0,1.0,72c448e7bb19cf77cbfc5b79a53808f85dc07f7ab1db42b5e9599ce351740f58,24,True
frozen_lake,32,6,10,2,0.2,0.2,0.4216370213557839,0.0,1.0,72c448e7bb19cf77cbfc5b79a53808f85dc07f7ab1db42b5e9599ce351740f58,24,True
frozen_lake,32,7,10,4,0.4,0.4,0.5163977794943223,0.0,1.0,72c448e7bb19cf77cbfc5b79a53808f85dc07f7ab1db42b5e9599ce351740f58,24,True
frozen_lake,32,8,10,1,0.1,0.1,0.31622776601683794,0.0,1.0,72c448e7bb19cf77cbfc5b79a53808f85dc07f7ab1db42b5e9599ce351740f58,24,True
frozen_lake,33,1,10,2,0.2,0.2,0.4216370213557839,0.0,1.0,bd3b10515582c553b2fe553fecdf89f7066e8f9fb21255dcf38d298bc214b688,24,True
frozen_lake,33,2,10,3,0.3,0.3,0.48304589153964794,0.0,1.0,bd3b10515582c553b2fe553fecdf89f7066e8f9fb21255dcf38d298bc214b688,24,True
frozen_lake,33,3,10,5,0.5,0.5,0.5270462766947299,0.0,1.0,bd3b10515582c553b2fe553fecdf89f7066e8f9fb21255dcf38d298bc214b688,24,True
frozen_lake,33,4,10,4,0.4,0.4,0.5163977794943223,0.0,1.0,bd3b10515582c553b2fe553fecdf89f7066e8f9fb21255dcf38d298bc214b688,24,True
frozen_lake,33,5,10,5,0.5,0.5,0.5270462766947299,0.0,1.0,bd3b10515582c553b2fe553fecdf89f7066e8f9fb21255dcf38d298bc214b688,24,True
frozen_lake,33,6,10,4,0.4,0.4,0.5163977794943223,0.0,1.0,bd3b10515582c553b2fe553fecdf89f7066e8f9fb21255dcf38d298bc214b688,24,True
frozen_lake,33,7,10,5,0.5,0.5,0.5270462766947299,0.0,1.0,bd3b10515582c553b2fe553fecdf89f7066e8f9fb21255dcf38d298bc214b688,24,True
frozen_lake,33,8,10,6,0.6,0.6,0.5163977794943223,0.0,1.0,bd3b10515582c553b2fe553fecdf89f7066e8f9fb21255dcf38d298bc214b688,24,True
frozen_lake,34,1,10,6,0.6,0.6,0.5163977794943223,0.0,1.0,0caf64803526b8856665db40dd62ea54eb01ba2e9ba181f23a3702d02c4fd72e,25,True
frozen_lake,34,2,10,6,0.6,0.6,0.5163977794943223,0.0,1.0,0caf64803526b8856665db40dd62ea54eb01ba2e9ba181f23a3702d02c4fd72e,25,True
frozen_lake,34,3,10,4,0.4,0.4,0.5163977794943223,0.0,1.0,0caf64803526b8856665db40dd62ea54eb01ba2e9ba181f23a3702d02c4fd72e,25,True
frozen_lake,34,4,10,2,0.2,0.2,0.4216370213557839,0.0,1.0,0caf64803526b8856665db40dd62ea54eb01ba2e9ba181f23a3702d02c4fd72e,25,True
frozen_lake,34,5,10,7,0.7,0.7,0.48304589153964794,0.0,1.0,0caf64803526b8856665db40dd62ea54eb01ba2e9ba181f23a3702d02c4fd72e,25,True
frozen_lake,34,6,10,6,0.6,0.6,0.5163977794943223,0.0,1.0,0caf64803526b8856665db40dd62ea54eb01ba2e9ba181f23a3702d02c4fd72e,25,True
frozen_lake,34,7,10,3,0.3,0.3,0.48304589153964794,0.0,1.0,0caf64803526b8856665db40dd62ea54eb01ba2e9ba181f23a3702d02c4fd72e,25,True
frozen_lake,34,8,10,3,0.3,0.3,0.48304589153964794,0.0,1.0,0caf64803526b8856665db40dd62ea54eb01ba2e9ba181f23a3702d02c4fd72e,25,True
frozen_lake,35,1,10,6,0.6,0.6,0.5163977794943223,0.0,1.0,0caf64803526b8856665db40dd62ea54eb01ba2e9ba181f23a3702d02c4fd72e,25,True
frozen_lake,35,2,10,3,0.3,0.3,0.48304589153964794,0.0,1.0,0caf64803526b8856665db40dd62ea54eb01ba2e9ba181f23a3702d02c4fd72e,25,True
frozen_lake,35,3,10,6,0.6,0.6,0.5163977794943223,0.0,1.0,0caf64803526b8856665db40dd62ea54eb01ba2e9ba181f23a3702d02c4fd72e,25,True
frozen_lake,35,4,10,4,0.4,0.4,0.5163977794943223,0.0,1.0,0caf64803526b8856665db40dd62ea54eb01ba2e9ba181f23a3702d02c4fd72e,25,True
frozen_lake,35,5,10,4,0.4,0.4,0.5163977794943223,0.0,1.0,0caf64803526b8856665db40dd62ea54eb01ba2e9ba181f23a3702d02c4fd72e,25,True
frozen_lake,35,6,10,7,0.7,0.7,0.48304589153964794,0.0,1.0,0caf64803526b8856665db40dd62ea54eb01ba2e9ba181f23a3702d02c4fd72e,25,True
frozen_lake,35,7,10,4,0.4,0.4,0.5163977794943223,0.0,1.0,0caf64803526b8856665db40dd62ea54eb01ba2e9ba181f23a3702d02c4fd72e,25,True
frozen_lake,35,8,10,4,0.4,0.4,0.5163977794943223,0.0,1.0,0caf64803526b8856665db40dd62ea54eb01ba2e9ba181f23a3702d02c4fd72e,25,True
frozen_lake,36,1,10,3,0.3,0.3,0.48304589153964794,0.0,1.0,0caf64803526b8856665db40dd62ea54eb01ba2e9ba181f23a3702d02c4fd72e,25,True
frozen_lake,36,2,10,6,0.6,0.6,0.5163977794943223,0.0,1.0,0caf64803526b8856665db40dd62ea54eb01ba2e9ba181f23a3702d02c4fd72e,25,True
frozen_lake,36,3,10,4,0.4,0.4,0.5163977794943223,0.0,1.0,0caf64803526b8856665db40dd62ea54eb01ba2e9ba181f23a3702d02c4fd72e,25,True
frozen_lake,36,4,10,2,0.2,0.2,0.4216370213557839,0.0,1.0,0caf64803526b8856665db40dd62ea54eb01ba2e9ba181f23a3702d02c4fd72e,25,True
frozen_lake,36,5,10,6,0.6,0.6,0.5163977794943223,0.0,1.0,0caf64803526b8856665db40dd62ea54eb01ba2e9ba181f23a3702d02c4fd72e,25,True
frozen_lake,36,6,10,6,0.6,0.6,0.5163977794943223,0.0,1.0,0caf64803526b8856665db40dd62ea54eb01ba2e9ba181f23a3702d02c4fd72e,25,True
frozen_lake,36,7,10,2,0.2,0.2,0.4216370213557839,0.0,1.0,0caf64803526b8856665db40dd62ea54eb01ba2e9ba181f23a3702d02c4fd72e,25,True
frozen_lake,36,8,10,4,0.4,0.4,0.5163977794943223,0.0,1.0,0caf64803526b8856665db40dd62ea54eb01ba2e9ba181f23a3702d02c4fd72e,25,True
frozen_lake,37,1,10,5,0.5,0.5,0.5270462766947299,0.0,1.0,2d427f5ed678eb6e626b065a56c7c824caffceb3ec46c9d9546c7ccf5ddfc53e,19,True
frozen_lake,37,2,10,5,0.5,0.5,0.5270462766947299,0.0,1.0,2d427f5ed678eb6e626b065a56c7c824caffceb3ec46c9d9546c7ccf5ddfc53e,19,True
frozen_lake,37,3,10,7,0.7,0.7,0.48304589153964794,0.0,1.0,2d427f5ed678eb6e626b065a56c7c824caffceb3ec46c9d9546c7ccf5ddfc53e,19,True
frozen_lake,37,4,10,5,0.5,0.5,0.5270462766947299,0.0,1.0,2d427f5ed678eb6e626b065a56c7c824caffceb3ec46c9d9546c7ccf5ddfc53e,19,True
frozen_lake,37,5,10,5,0.5,0.5,0.5270462766947299,0.0,1.0,2d427f5ed678eb6e626b065a56c7c824caffceb3ec46c9d9546c7ccf5ddfc53e,19,True
frozen_lake,37,6,10,2,0.2,0.2,0.4216370213557839,0.0,1.0,2d427f5ed678eb6e626b065a56c7c824caffceb3ec46c9d9546c7ccf5ddfc53e,19,True
frozen_lake,37,7,10,2,0.2,0.2,0.4216370213557839,0.0,1.0,2d427f5ed678eb6e626b065a56c7c824caffceb3ec46c9d9546c7ccf5ddfc53e,19,True
frozen_lake,37,8,10,4,0.4,0.4,0.5163977794943223,0.0,1.0,2d427f5ed678eb6e626b065a56c7c824caffceb3ec46c9d9546c7ccf5ddfc53e,19,True
frozen_lake,38,1,10,3,0.3,0.3,0.48304589153964794,0.0,1.0,1f55f9d199573ea5c2af2ddb1d05fa505405012a2d839780ebf5a595230a372e,17,True
frozen_lake,38,2,10,2,0.2,0.2,0.4216370213557839,0.0,1.0,1f55f9d199573ea5c2af2ddb1d05fa505405012a2d839780ebf5a595230a372e,17,True
frozen_lake,38,3,10,4,0.4,0.4,0.5163977794943223,0.0,1.0,1f55f9d199573ea5c2af2ddb1d05fa505405012a2d839780ebf5a595230a372e,17,True
frozen_lake,38,4,10,6,0.6,0.6,0.5163977794943223,0.0,1.0,1f55f9d199573ea5c2af2ddb1d05fa505405012a2d839780ebf5a595230a372e,17,True
frozen_lake,38,5,10,2,0.2,0.2,0.4216370213557839,0.0,1.0,1f55f9d199573ea5c2af2ddb1d05fa505405012a2d839780ebf5a595230a372e,17,True
frozen_lake,38,6,10,4,0.4,0.4,0.5163977794943223,0.0,1.0,1f55f9d199573ea5c2af2ddb1d05fa505405012a2d839780ebf5a595230a372e,17,True
frozen_lake,38,7,10,2,0.2,0.2,0.4216370213557839,0.0,1.0,1f55f9d199573ea5c2af2ddb1d05fa505405012a2d839780ebf5a595230a372e,17,True
frozen_lake,38,8,10,2,0.2,0.2,0.4216370213557839,0.0,1.0,1f55f9d199573ea5c2af2ddb1d05fa505405012a2d839780ebf5a595230a372e,17,True
frozen_lake,39,1,10,2,0.2,0.2,0.4216370213557839,0.0,1.0,ce84a1917c64c8514cfe4fed7feb4e73de06955293f949057f59b211fc9424f3,17,True
frozen_lake,39,2,10,6,0.6,0.6,0.5163977794943223,0.0,1.0,ce84a1917c64c8514cfe4fed7feb4e73de06955293f949057f59b211fc9424f3,17,True
frozen_lake,39,3,10,2,0.2,0.2,0.4216370213557839,0.0,1.0,ce84a1917c64c8514cfe4fed7feb4e73de06955293f949057f59b211fc9424f3,17,True
frozen_lake,39,4,10,2,0.2,0.2,0.4216370213557839,0.0,1.0,ce84a1917c64c8514cfe4fed7feb4e73de06955293f949057f59b211fc9424f3,17,True
frozen_lake,39,5,10,2,0.2,0.2,0.4216370213557839,0.0,1.0,ce84a1917c64c8514cfe4fed7feb4e73de06955293f949057f59b211fc9424f3,17,True
frozen_lake,39,6,10,3,0.3,0.3,0.48304589153964794,0.0,1.0,ce84a1917c64c8514cfe4fed7feb4e73de06955293f949057f59b211fc9424f3,17,True
frozen_lake,39,7,10,3,0.3,0.3,0.48304589153964794,0.0,1.0,ce84a1917c64c8514cfe4fed7feb4e73de06955293f949057f59b211fc9424f3,17,True
frozen_lake,39,8,10,5,0.5,0.5,0.5270462766947299,0.0,1.0,ce84a1917c64c8514cfe4fed7feb4e73de06955293f949057f59b211fc9424f3,17,True
frozen_lake,40,1,10,0,0.0,0.0,0.0,0.0,0.0,99673d5a7ac3388019126572966801544f7ba97621fcbd31f33c35ba6d6f0154,18,True
frozen_lake,40,2,10,2,0.2,0.2,0.4216370213557839,0.0,1.0,99673d5a7ac3388019126572966801544f7ba97621fcbd31f33c35ba6d6f0154,18,True
frozen_lake,40,3,10,2,0.2,0.2,0.4216370213557839,0.0,1.0,99673d5a7ac3388019126572966801544f7ba97621fcbd31f33c35ba6d6f0154,18,True
frozen_lake,40,4,10,3,0.3,0.3,0.48304589153964794,0.0,1.0,99673d5a7ac3388019126572966801544f7ba97621fcbd31f33c35ba6d6f0154,18,True
frozen_lake,40,5,10,1,0.1,0.1,0.31622776601683794,0.0,1.0,99673d5a7ac3388019126572966801544f7ba97621fcbd31f33c35ba6d6f0154,18,True
frozen_lake,40,6,10,1,0.1,0.1,0.31622776601683794,0.0,1.0,99673d5a7ac3388019126572966801544f7ba97621fcbd31f33c35ba6d6f0154,18,True
frozen_lake,40,7,10,4,0.4,0.4,0.5163977794943223,0.0,1.0,99673d5a7ac3388019126572966801544f7ba97621fcbd31f33c35ba6d6f0154,18,True
frozen_lake,40,8,10,0,0.0,0.0,0.0,0.0,0.0,99673d5a7ac3388019126572966801544f7ba97621fcbd31f33c35ba6d6f0154,18,True
sokoban,1,1,10,4,0.4,0.4,0.5163977794943223,0.0,1.0,0e61043d9626e44e976ccfc887a7d3559fce5744e69799100b9533cba51da21b,11,True
sokoban,1,2,10,2,0.2,0.2,0.4216370213557839,0.0,1.0,0e61043d9626e44e976ccfc887a7d3559fce5744e69799100b9533cba51da21b,11,True
sokoban,1,3,10,7,0.7,0.7,0.48304589153964794,0.0,1.0,0e61043d9626e44e976ccfc887a7d3559fce5744e69799100b9533cba51da21b,11,True
sokoban,1,4,10,6,0.6,0.6,0.5163977794943223,0.0,1.0,0e61043d9626e44e976ccfc887a7d3559fce5744e69799100b9533cba51da21b,11,True
sokoban,1,5,10,5,0.5,0.5,0.5270462766947299,0.0,1.0,0e61043d9626e44e976ccfc887a7d3559fce5744e69799100b9533cba51da21b,11,True
sokoban,1,6,10,3,0.3,0.3,0.48304589153964794,0.0,1.0,0e61043d9626e44e976ccfc887a7d3559fce5744e69799100b9533cba51da21b,11,True
sokoban,1,7,10,3,0.3,0.3,0.48304589153964794,0.0,1.0,0e61043d9626e44e976ccfc887a7d3559fce5744e69799100b9533cba51da21b,11,True
sokoban,1,8,10,6,0.6,0.6,0.5163977794943223,0.0,1.0,0e61043d9626e44e976ccfc887a7d3559fce5744e69799100b9533cba51da21b,11,True
sokoban,2,1,10,3,0.3,0.3,0.48304589153964794,0.0,1.0,edfe140dd189905d60428ab1e2b8ab620987db65f2827a2cf876ac48720920da,13,True
sokoban,2,2,10,5,0.5,0.5,0.5270462766947299,0.0,1.0,edfe140dd189905d60428ab1e2b8ab620987db65f2827a2cf876ac48720920da,13,True
sokoban,2,3,10,2,0.2,0.2,0.4216370213557839,0.0,1.0,edfe140dd189905d60428ab1e2b8ab620987db65f2827a2cf876ac48720920da,13,True
sokoban,2,4,10,5,0.5,0.5,0.5270462766947299,0.0,1.0,edfe140dd189905d60428ab1e2b8ab620987db65f2827a2cf876ac48720920da,13,True
sokoban,2,5,10,2,0.2,0.2,0.4216370213557839,0.0,1.0,edfe140dd189905d60428ab1e2b8ab620987db65f2827a2cf876ac48720920da,13,True
sokoban,2,6,10,3,0.3,0.3,0.48304589153964794,0.0,1.0,edfe140dd189905d60428ab1e2b8ab620987db65f2827a2cf876ac48720920da,13,True
sokoban,2,7,10,1,0.1,0.1,0.31622776601683794,0.0,1.0,edfe140dd189905d60428ab1e2b8ab620987db65f2827a2cf876ac48720920da,13,True
sokoban,2,8,10,4,0.4,0.4,0.5163977794943223,0.0,1.0,edfe140dd189905d60428ab1e2b8ab620987db65f2827a2cf876ac48720920da,13,True
sokoban,3,1,10,1,0.1,0.1,0.31622776601683794,0.0,1.0,1231b13e4d9e3e3ca5c2817a7d90bded1e2b95c147be32514e09c485b80a390c,14,True
sokoban,3,2,10,2,0.2,0.2,0.4216370213557839,0.0,1.0,1231b13e4d9e3e3ca5c2817a7d90bded1e2b95c147be32514e09c485b80a390c,14,True
sokoban,3,3,10,5,0.5,0.5,0.5270462766947299,0.0,1.0,1231b13e4d9e3e3ca5c2817a7d90bded1e2b95c147be32514e09c485b80a390c,14,True
sokoban,3,4,10,4,0.4,0.4,0.5163977794943223,0.0,1.0,1231b13e4d9e3e3ca5c2817a7d90bded1e2b95c147be32514e09c485b80a390c,14,True
sokoban,3,5,10,4,0.4,0.4,0.5163977794943223,0.0,1.0,1231b13e4d9e3e3ca5c2817a7d90bded1e2b95c147be32514e09c485b80a390c,14,True
sokoban,3,6,10,4,0.4,0.4,0.5163977794943223,0.0,1.0,1231b13e4d9e3e3ca5c2817a7d90bded1e2b95c147be32514e09c485b80a390c,14,True
sokoban,3,7,10,0,0.0,0.0,0.0,0.0,0.0,1231b13e4d9e3e3ca5c2817a7d90bded1e2b95c147be32514e09c485b80a390c,14,True
sokoban,3,8,10,7,0.7,0.7,0.48304589153964794,0.0,1.0,1231b13e4d9e3e3ca5c2817a7d90bded1e2b95c147be32514e09c485b80a390c,14,True
sokoban,4,1,10,4,0.4,0.4,0.5163977794943223,0.0,1.0,cbeb6d47b76816c43ce2f031f4fa4eb0043c69719c6657fa99a6f0e9eb72c5c6,12,True
sokoban,4,2,10,5,0.5,0.5,0.5270462766947299,0.0,1.0,cbeb6d47b76816c43ce2f031f4fa4eb0043c69719c6657fa99a6f0e9eb72c5c6,12,True
sokoban,4,3,10,4,0.4,0.4,0.5163977794943223,0.0,1.0,cbeb6d47b76816c43ce2f031f4fa4eb0043c69719c6657fa99a6f0e9eb72c5c6,12,True
sokoban,4,4,10,5,0.5,0.5,0.5270462766947299,0.0,1.0,cbeb6d47b76816c43ce2f031f4fa4eb0043c69719c6657fa99a6f0e9eb72c5c6,12,True
sokoban,4,5,10,3,0.3,0.3,0.48304589153964794,0.0,1.0,cbeb6d47b76816c43ce2f031f4fa4eb0043c69719c6657fa99a6f0e9eb72c5c6,12,True
sokoban,4,6,10,2,0.2,0.2,0.4216370213557839,0.0,1.0,cbeb6d47b76816c43ce2f031f4fa4eb0043c69719c6657fa99a6f0e9eb72c5c6,12,True
sokoban,4,7,10,6,0.6,0.6,0.5163977794943223,0.0,1.0,cbeb6d47b76816c43ce2f031f4fa4eb0043c69719c6657fa99a6f0e9eb72c5c6,12,True
sokoban,4,8,10,4,0.4,0.4,0.5163977794943223,0.0,1.0,cbeb6d47b76816c43ce2f031f4fa4eb0043c69719c6657fa99a6f0e9eb72c5c6,12,True
sokoban,5,1,10,2,0.2,0.2,0.4216370213557839,0.0,1.0,cbeb6d47b76816c43ce2f031f4fa4eb0043c69719c6657fa99a6f0e9eb72c5c6,12,True
sokoban,5,2,10,0,0.0,0.0,0.0,0.0,0.0,cbeb6d47b76816c43ce2f031f4fa4eb0043c69719c6657fa99a6f0e9eb72c5c6,12,True
sokoban,5,3,10,4,0.4,0.4,0.5163977794943223,0.0,1.0,cbeb6d47b76816c43ce2f031f4fa4eb0043c69719c6657fa99a6f0e9eb72c5c6,12,True
sokoban,5,4,10,3,0.3,0.3,0.48304589153964794,0.0,1.0,cbeb6d47b76816c43ce2f031f4fa4eb0043c69719c6657fa99a6f0e9eb72c5c6,12,True
sokoban,5,5,10,6,0.6,0.6,0.5163977794943223,0.0,1.0,cbeb6d47b76816c43ce2f031f4fa4eb0043c69719c6657fa99a6f0e9eb72c5c6,12,True
sokoban,5,6,10,3,0.3,0.3,0.48304589153964794,0.0,1.0,cbeb6d47b76816c43ce2f031f4fa4eb0043c69719c6657fa99a6f0e9eb72c5c6,12,True
sokoban,5,7,10,6,0.6,0.6,0.5163977794943223,0.0,1.0,cbeb6d47b76816c43ce2f031f4fa4eb0043c69719c6657fa99a6f0e9eb72c5c6,12,True
sokoban,5,8,10,3,0.3,0.3,0.48304589153964794,0.0,1.0,cbeb6d47b76816c43ce2f031f4fa4eb0043c69719c6657fa99a6f0e9eb72c5c6,12,True
sokoban,6,1,10,1,0.1,0.1,0.31622776601683794,0.0,1.0,ad843948668b229a0527d2bdab87fde1151271a992b9326812630933e4316c61,14,True
sokoban,6,2,10,1,0.1,0.1,0.31622776601683794,0.0,1.0,ad843948668b229a0527d2bdab87fde1151271a992b9326812630933e4316c61,14,True
sokoban,6,3,10,2,0.2,0.2,0.4216370213557839,0.0,1.0,ad843948668b229a0527d2bdab87fde1151271a992b9326812630933e4316c61,14,True
sokoban,6,4,10,4,0.4,0.4,0.5163977794943223,0.0,1.0,ad843948668b229a0527d2bdab87fde1151271a992b9326812630933e4316c61,14,True
sokoban,6,5,10,1,0.1,0.1,0.31622776601683794,0.0,1.0,ad843948668b229a0527d2bdab87fde1151271a992b9326812630933e4316c61,14,True
sokoban,6,6,10,0,0.0,0.0,0.0,0.0,0.0,ad843948668b229a0527d2bdab87fde1151271a992b9326812630933e4316c61,14,True
sokoban,6,7,10,3,0.3,0.3,0.48304589153964794,0.0,1.0,ad843948668b229a0527d2bdab87fde1151271a992b9326812630933e4316c61,14,True
sokoban,6,8,10,1,0.1,0.1,0.31622776601683794,0.0,1.0,ad843948668b229a0527d2bdab87fde1151271a992b9326812630933e4316c61,14,True
sokoban,7,1,10,4,0.4,0.4,0.5163977794943223,0.0,1.0,35f8f4354246e30bc09669c6bda49c081b5172eba79de3134070b0fc39ff2fb1,15,True
sokoban,7,2,10,4,0.4,0.4,0.5163977794943223,0.0,1.0,35f8f4354246e30bc09669c6bda49c081b5172eba79de3134070b0fc39ff2fb1,15,True
sokoban,7,3,10,1,0.1,0.1,0.31622776601683794,0.0,1.0,35f8f4354246e30bc09669c6bda49c081b5172eba79de3134070b0fc39ff2fb1,15,True
sokoban,7,4,10,1,0.1,0.1,0.31622776601683794,0.0,1.0,35f8f4354246e30bc09669c6bda49c081b5172eba79de3134070b0fc39ff2fb1,15,True
sokoban,7,5,10,1,0.1,0.1,0.31622776601683794,0.0,1.0,35f8f4354246e30bc09669c6bda49c081b5172eba79de3134070b0fc39ff2fb1,15,True
sokoban,7,6,10,3,0.3,0.3,0.48304589153964794,0.0,1.0,35f8f4354246e30bc09669c6bda49c081b5172eba79de3134070b0fc39ff2fb1,15,True
sokoban,7,7,10,2,0.2,0.2,0.4216370213557839,0.0,1.0,35f8f4354246e30bc09669c6bda49c081b5172eba79de3134070b0fc39ff2fb1,15,True
sokoban,7,8,10,4,0.4,0.4,0.5163977794943223,0.0,1.0,35f8f4354246e30bc09669c6bda49c081b5172eba79de3134070b0fc39ff2fb1,15,True
sokoban,8,1,10,4,0.4,0.4,0.5163977794943223,0.0,1.0,da47afde67724dba5c03c064295732cf039334b76fb9b2e4d1b99ac5aa6c4ab2,16,True
sokoban,8,2,10,4,0.4,0.4,0.5163977794943223,0.0,1.0,da47afde67724dba5c03c064295732cf039334b76fb9b2e4d1b99ac5aa6c4ab2,16,True
sokoban,8,3,10,2,0.2,0.2,0.4216370213557839,0.0,1.0,da47afde67724dba5c03c064295732cf039334b76fb9b2e4d1b99ac5aa6c4ab2,16,True
sokoban,8,4,10,1,0.1,0.1,0.31622776601683794,0.0,1.0,da47afde67724dba5c03c064295732cf039334b76fb9b2e4d1b99ac5aa6c4ab2,16,True
sokoban,8,5,10,2,0.2,0.2,0.4216370213557839,0.0,1.0,da47afde67724dba5c03c064295732cf039334b76fb9b2e4d1b99ac5aa6c4ab2,16,True
sokoban,8,6,10,2,0.2,0.2,0.4216370213557839,0.0,1.0,da47afde67724dba5c03c064295732cf039334b76fb9b2e4d1b99ac5aa6c4ab2,16,True
sokoban,8,7,10,4,0.4,0.4,0.5163977794943223,0.0,1.0,da47afde67724dba5c03c064295732cf039334b76fb9b2e4d1b99ac5aa6c4ab2,16,True
sokoban,8,8,10,4,0.4,0.4,0.5163977794943223,0.0,1.0,da47afde67724dba5c03c064295732cf039334b76fb9b2e4d1b99ac5aa6c4ab2,16,True
sokoban,9,1,10,4,0.4,0.4,0.5163977794943223,0.0,1.0,9f480f6b10c261a9f9392513ef4451b90a04805ce7daa08bdd8331c12d3fe609,17,True
sokoban,9,2,10,3,0.3,0.3,0.48304589153964794,0.0,1.0,9f480f6b10c261a9f9392513ef4451b90a04805ce7daa08bdd8331c12d3fe609,17,True
sokoban,9,3,10,3,0.3,0.3,0.48304589153964794,0.0,1.0,9f480f6b10c261a9f9392513ef4451b90a04805ce7daa08bdd8331c12d3fe609,17,True
sokoban,9,4,10,4,0.4,0.4,0.5163977794943223,0.0,1.0,9f480f6b10c261a9f9392513ef4451b90a04805ce7daa08bdd8331c12d3fe609,17,True
sokoban,9,5,10,3,0.3,0.3,0.48304589153964794,0.0,1.0,9f480f6b10c261a9f9392513ef4451b90a04805ce7daa08bdd8331c12d3fe609,17,True
sokoban,9,6,10,3,0.3,0.3,0.48304589153964794,0.0,1.0,9f480f6b10c261a9f9392513ef4451b90a04805ce7daa08bdd8331c12d3fe609,17,True
sokoban,9,7,10,3,0.3,0.3,0.48304589153964794,0.0,1.0,9f480f6b10c261a9f9392513ef4451b90a04805ce7daa08bdd8331c12d3fe609,17,True
sokoban,9,8,10,5,0.5,0.5,0.5270462766947299,0.0,1.0,9f480f6b10c261a9f9392513ef4451b90a04805ce7daa08bdd8331c12d3fe609,17,True
sokoban,10,1,10,2,0.2,0.2,0.4216370213557839,0.0,1.0,9f480f6b10c261a9f9392513ef4451b90a04805ce7daa08bdd8331c12d3fe609,17,True
sokoban,10,2,10,5,0.5,0.5,0.5270462766947299,0.0,1.0,9f480f6b10c261a9f9392513ef4451b90a04805ce7daa08bdd8331c12d3fe609,17,True
sokoban,10,3,10,3,0.3,0.3,0.48304589153964794,0.0,1.0,9f480f6b10c261a9f9392513ef4451b90a04805ce7daa08bdd8331c12d3fe609,17,True
sokoban,10,4,10,2,0.2,0.2,0.4216370213557839,0.0,1.0,9f480f6b10c261a9f9392513ef4451b90a04805ce7daa08bdd8331c12d3fe609,17,True
sokoban,10,5,10,4,0.4,0.4,0.5163977794943223,0.0,1.0,9f480f6b10c261a9f9392513ef4451b90a04805ce7daa08bdd8331c12d3fe609,17,True
sokoban,10,6,10,2,0.2,0.2,0.4216370213557839,0.0,1.0,9f480f6b10c261a9f9392513ef4451b90a04805ce7daa08bdd8331c12d3fe609,17,True
sokoban,10,7,10,6,0.6,0.6,0.5163977794943223,0.0,1.0,9f480f6b10c261a9f9392513ef4451b90a04805ce7daa08bdd8331c12d3fe609,17,True
sokoban,10,8,10,2,0.2,0.2,0.4216370213557839,0.0,1.0,9f480f6b10c261a9f9392513ef4451b90a04805ce7daa08bdd8331c12d3fe609,17,True
sokoban,11,1,10,4,0.4,0.4,0.5163977794943223,0.0,1.0,9f480f6b10c261a9f9392513ef4451b90a04805ce7daa08bdd8331c12d3fe609,17,True
sokoban,11,2,10,4,0.4,0.4,0.5163977794943223,0.0,1.0,9f480f6b10c261a9f9392513ef4451b90a04805ce7daa08bdd8331c12d3fe609,17,True
sokoban,11,3,10,1,0.1,0.1,0.31622776601683794,0.0,1.0,9f480f6b10c261a9f9392513ef4451b90a04805ce7daa08bdd8331c12d3fe609,17,True
sokoban,11,4,10,2,0.2,0.2,0.4216370213557839,0.0,1.0,9f480f6b10c261a9f9392513ef4451b90a04805ce7daa08bdd8331c12d3fe609,17,True
sokoban,11,5,10,2,0.2,0.2,0.4216370213557839,0.0,1.0,9f480f6b10c261a9f9392513ef4451b90a04805ce7daa08bdd8331c12d3fe609,17,True
sokoban,11,6,10,2,0.2,0.2,0.4216370213557839,0.0,1.0,9f480f6b10c261a9f9392513ef4451b90a04805ce7daa08bdd8331c12d3fe609,17,True
sokoban,11,7,10,3,0.3,0.3,0.48304589153964794,0.0,1.0,9f480f6b10c261a9f9392513ef4451b90a04805ce7daa08bdd8331c12d3fe609,17,True
sokoban,11,8,10,2,0.2,0.2,0.4216370213557839,0.0,1.0,9f480f6b10c261a9f9392513ef4451b90a04805ce7daa08bdd8331c12d3fe609,17,True
sokoban,12,1,10,3,0.3,0.3,0.48304589153964794,0.0,1.0,92be28a4602141e5cb9c6f0741bec750ad04b48e5a2662b07f185af796f1c980,18,True
sokoban,12,2,10,4,0.4,0.4,0.5163977794943223,0.0,1.0,92be28a4602141e5cb9c6f0741bec750ad04b48e5a2662b07f185af796f1c980,18,True
sokoban,12,3,10,1,0.1,0.1,0.31622776601683794,0.0,1.0,92be28a4602141e5cb9c6f0741bec750ad04b48e5a2662b07f185af796f1c980,18,True
sokoban,12,4,10,3,0.3,0.3,0.48304589153964794,0.0,1.0,92be28a4602141e5cb9c6f0741bec750ad04b48e5a2662b07f185af796f1c980,18,True
sokoban,12,5,10,4,0.4,0.4,0.5163977794943223,0.0,1.0,92be28a4602141e5cb9c6f0741bec750ad04b48e5a2662b07f185af796f1c980,18,True
sokoban,12,6,10,3,0.3,0.3,0.48304589153964794,0.0,1.0,92be28a4602141e5cb9c6f0741bec750ad04b48e5a2662b07f185af796f1c980,18,True
sokoban,12,7,10,3,0.3,0.3,0.48304589153964794,0.0,1.0,92be28a4602141e5cb9c6f0741bec750ad04b48e5a2662b07f185af796f1c980,18,True
sokoban,12,8,10,4,0.4,0.4,0.5163977794943223,0.0,1.0,92be28a4602141e5cb9c6f0741bec750ad04b48e5a2662b07f185af796f1c980,18,True
sokoban,13,1,10,1,0.1,0.1,0.31622776601683794,0.0,1.0,92be28a4602141e5cb9c6f0741bec750ad04b48e5a2662b07f185af796f1c980,18,True
sokoban,13,2,10,2,0.2,0.2,0.4216370213557839,0.0,1.0,92be28a4602141e5cb9c6f0741bec750ad04b48e5a2662b07f185af796f1c980,18,True
sokoban,13,3,10,3,0.3,0.3,0.48304589153964794,0.0,1.0,92be28a4602141e5cb9c6f0741bec750ad04b48e5a2662b07f185af796f1c980,18,True
sokoban,13,4,10,5,0.5,0.5,0.5270462766947299,0.0,1.0,92be28a4602141e5cb9c6f0741bec750ad04b48e5a2662b07f185af796f1c980,18,True
sokoban,13,5,10,1,0.1,0.1,0.31622776601683794,0.0,1.0,92be28a4602141e5cb9c6f0741bec750ad04b48e5a2662b07f185af796f1c980,18,True
sokoban,13,6,10,2,0.2,0.2,0.4216370213557839,0.0,1.0,92be28a4602141e5cb9c6f0741bec750ad04b48e5a2662b07f185af796f1c980,18,True
sokoban,13,7,10,1,0.1,0.1,0.31622776601683794,0.0,1.0,92be28a4602141e5cb9c6f0741bec750ad04b48e5a2662b07f185af796f1c980,18,True
sokoban,13,8,10,4,0.4,0.4,0.5163977794943223,0.0,1.0,92be28a4602141e5cb9c6f0741bec750ad04b48e5a2662b07f185af796f1c980,18,True
sokoban,14,1,10,2,0.2,0.2,0.4216370213557839,0.0,1.0,92be28a4602141e5cb9c6f0741bec750ad04b48e5a2662b07f185af796f1c980,18,True
sokoban,14,2,10,4,0.4,0.4,0.5163977794943223,0.0,1.0,92be28a4602141e5cb9c6f0741bec750ad04b48e5a2662b07f185af796f1c980,18,True
sokoban,14,3,10,1,0.1,0.1,0.31622776601683794,0.0,1.0,92be28a4602141e5cb9c6f0741bec750ad04b48e5a2662b07f185af796f1c980,18,True
sokoban,14,4,10,2,0.2,0.2,0.4216370213557839,0.0,1.0,92be28a4602141e5cb9c6f0741bec750ad04b48e5a2662b07f185af796f1c980,18,True
sokoban,14,5,10,4,0.4,0.4,0.5163977794943223,0.0,1.0,92be28a4602141e5cb9c6f0741bec750ad04b48e5a2662b07f185af796f1c980,18,True
sokoban,14,6,10,3,0.3,0.3,0.48304589153964794,0.0,1.0,92be28a4602141e5cb9c6f0741bec750ad04b48e5a2662b07f185af796f1c980,18,True
sokoban,14,7,10,2,0.2,0.2,0.4216370213557839,0.0,1.0,92be28a4602141e5cb9c6f0741bec750ad04b48e5a2662b07f185af796f1c980,18,True
sokoban,14,8,10,3,0.3,0.3,0.48304589153964794,0.0,1.0,92be28a4602141e5cb9c6f0741bec750ad04b48e5a2662b07f185af796f1c980,18,True
sokoban,15,1,10,4,0.4,0.4,0.5163977794943223,0.0,1.0,f699a49f733ab417b52f4c7b5eca18ab9ce419d40c449186d6e123783e742dcd,13,True
sokoban,15,2,10,7,0.7,0.7,0.48304589153964794,0.0,1.0,f699a49f733ab417b52f4c7b5eca18ab9ce419d40c449186d6e123783e742dcd,13,True
sokoban,15,3,10,5,0.5,0.5,0.5270462766947299,0.0,1.0,f699a49f733ab417b52f4c7b5eca18ab9ce419d40c449186d6e123783e742dcd,13,True
sokoban,15,4,10,3,0.3,0.3,0.48304589153964794,0.0,1.0,f699a49f733ab417b52f4c7b5eca18ab9ce419d40c449186d6e123783e742dcd,13,True
sokoban,15,5,10,6,0.6,0.6,0.5163977794943223,0.0,1.0,f699a49f733ab417b52f4c7b5eca18ab9ce419d40c449186d6e123783e742dcd,13,True
sokoban,15,6,10,3,0.3,0.3,0.48304589153964794,0.0,1.0,f699a49f733ab417b52f4c7b5eca18ab9ce419d40c449186d6e123783e742dcd,13,True
sokoban,15,7,10,5,0.5,0.5,0.5270462766947299,0.0,1.0,f699a49f733ab417b52f4c7b5eca18ab9ce419d40c449186d6e123783e742dcd,13,True
sokoban,15,8,10,6,0.6,0.6,0.5163977794943223,0.0,1.0,f699a49f733ab417b52f4c7b5eca18ab9ce419d40c449186d6e123783e742dcd,13,True
sokoban,16,1,10,6,0.6,0.6,0.5163977794943223,0.0,1.0,dd6ce385ac849f12239e19de7f6c727169c8a2745ccb5c697d54d65820eb51d9,14,True
sokoban,16,2,10,3,0.3,0.3,0.48304589153964794,0.0,1.0,dd6ce385ac849f12239e19de7f6c727169c8a2745ccb5c697d54d65820eb51d9,14,True
sokoban,16,3,10,3,0.3,0.3,0.48304589153964794,0.0,1.0,dd6ce385ac849f12239e19de7f6c727169c8a2745ccb5c697d54d65820eb51d9,14,True
sokoban,16,4,10,5,0.5,0.5,0.5270462766947299,0.0,1.0,dd6ce385ac849f12239e19de7f6c727169c8a2745ccb5c697d54d65820eb51d9,14,True
sokoban,16,5,10,1,0.1,0.1,0.31622776601683794,0.0,1.0,dd6ce385ac849f12239e19de7f6c727169c8a2745ccb5c697d54d65820eb51d9,14,True
sokoban,16,6,10,5,0.5,0.5,0.5270462766947299,0.0,1.0,dd6ce385ac849f12239e19de7f6c727169c8a2745ccb5c697d54d65820eb51d9,14,True
sokoban,16,7,10,4,0.4,0.4,0.5163977794943223,0.0,1.0,dd6ce385ac849f12239e19de7f6c727169c8a2745ccb5c697d54d65820eb51d9,14,True
sokoban,16,8,10,5,0.5,0.5,0.5270462766947299,0.0,1.0,dd6ce385ac849f12239e19de7f6c727169c8a2745ccb5c697d54d65820eb51d9,14,True
sokoban,17,1,10,5,0.5,0.5,0.5270462766947299,0.0,1.0,7686914699c25cc9e9464ca14f8c91d5454605c817c6b71c0732c91b2588df74,15,True
sokoban,17,2,10,5,0.5,0.5,0.5270462766947299,0.0,1.0,7686914699c25cc9e9464ca14f8c91d5454605c817c6b71c0732c91b2588df74,15,True
sokoban,17,3,10,2,0.2,0.2,0.4216370213557839,0.0,1.0,7686914699c25cc9e9464ca14f8c91d5454605c817c6b71c0732c91b2588df74,15,True
sokoban,17,4,10,5,0.5,0.5,0.5270462766947299,0.0,1.0,7686914699c25cc9e9464ca14f8c91d5454605c817c6b71c0732c91b2588df74,15,True
sokoban,17,5,10,3,0.3,0.3,0.48304589153964794,0.0,1.0,7686914699c25cc9e9464ca14f8c91d5454605c817c6b71c0732c91b2588df74,15,True
sokoban,17,6,10,3,0.3,0.3,0.48304589153964794,0.0,1.0,7686914699c25cc9e9464ca14f8c91d5454605c817c6b71c0732c91b2588df74,15,True
sokoban,17,7,10,3,0.3,0.3,0.48304589153964794,0.0,1.0,7686914699c25cc9e9464ca14f8c91d5454605c817c6b71c0732c91b2588df74,15,True
sokoban,17,8,10,4,0.4,0.4,0.5163977794943223,0.0,1.0,7686914699c25cc9e9464ca14f8c91d5454605c817c6b71c0732c91b2588df74,15,True
sokoban,18,1,10,2,0.2,0.2,0.4216370213557839,0.0,1.0,afa4cc54961578ef30eec28600ee2754c7832c332565cad5543290e2a2bc1ce2,16,True
sokoban,18,2,10,4,0.4,0.4,0.5163977794943223,0.0,1.0,afa4cc54961578ef30eec28600ee2754c7832c332565cad5543290e2a2bc1ce2,16,True
sokoban,18,3,10,3,0.3,0.3,0.48304589153964794,0.0,1.0,afa4cc54961578ef30eec28600ee2754c7832c332565cad5543290e2a2bc1ce2,16,True
sokoban,18,4,10,6,0.6,0.6,0.5163977794943223,0.0,1.0,afa4cc54961578ef30eec28600ee2754c7832c332565cad5543290e2a2bc1ce2,16,True
sokoban,18,5,10,6,0.6,0.6,0.5163977794943223,0.0,1.0,afa4cc54961578ef30eec28600ee2754c7832c332565cad5543290e2a2bc1ce2,16,True
sokoban,18,6,10,9,0.9,0.9,0.31622776601683794,0.0,1.0,afa4cc54961578ef30eec28600ee2754c7832c332565cad5543290e2a2bc1ce2,16,True
sokoban,18,7,10,4,0.4,0.4,0.5163977794943223,0.0,1.0,afa4cc54961578ef30eec28600ee2754c7832c332565cad5543290e2a2bc1ce2,16,True
sokoban,18,8,10,4,0.4,0.4,0.5163977794943223,0.0,1.0,afa4cc54961578ef30eec28600ee2754c7832c332565cad5543290e2a2bc1ce2,16,True
sokoban,19,1,10,5,0.5,0.5,0.5270462766947299,0.0,1.0,f6e34e5c93f7fe546aab98737df6341e7757df8b292eab4c9b1d9971fe2bc955,18,True
sokoban,19,2,10,1,0.1,0.1,0.31622776601683794,0.0,1.0,f6e34e5c93f7fe546aab98737df6341e7757df8b292eab4c9b1d9971fe2bc955,18,True
sokoban,19,3,10,6,0.6,0.6,0.5163977794943223,0.0,1.0,f6e34e5c93f7fe546aab98737df6341e7757df8b292eab4c9b1d9971fe2bc955,18,True
sokoban,19,4,10,5,0.5,0.5,0.5270462766947299,0.0,1.0,f6e34e5c93f7fe546aab98737df6341e7757df8b292eab4c9b1d9971fe2bc955,18,True
sokoban,19,5,10,4,0.4,0.4,0.5163977794943223,0.0,1.0,f6e34e5c93f7fe546aab98737df6341e7757df8b292eab4c9b1d9971fe2bc955,18,True
sokoban,19,6,10,3,0.3,0.3,0.48304589153964794,0.0,1.0,f6e34e5c93f7fe546aab98737df6341e7757df8b292eab4c9b1d9971fe2bc955,18,True
sokoban,19,7,10,5,0.5,0.5,0.5270462766947299,0.0,1.0,f6e34e5c93f7fe546aab98737df6341e7757df8b292eab4c9b1d9971fe2bc955,18,True
sokoban,19,8,10,7,0.7,0.7,0.48304589153964794,0.0,1.0,f6e34e5c93f7fe546aab98737df6341e7757df8b292eab4c9b1d9971fe2bc955,18,True
sokoban,20,1,10,2,0.2,0.2,0.4216370213557839,0.0,1.0,a30715c64b1cf14e45d2ca03682d6958d0dcbec4c96717eeb7074c117be74ac1,20,True
sokoban,20,2,10,4,0.4,0.4,0.5163977794943223,0.0,1.0,a30715c64b1cf14e45d2ca03682d6958d0dcbec4c96717eeb7074c117be74ac1,20,True
sokoban,20,3,10,5,0.5,0.5,0.5270462766947299,0.0,1.0,a30715c64b1cf14e45d2ca03682d6958d0dcbec4c96717eeb7074c117be74ac1,20,True
sokoban,20,4,10,4,0.4,0.4,0.5163977794943223,0.0,1.0,a30715c64b1cf14e45d2ca03682d6958d0dcbec4c96717eeb7074c117be74ac1,20,True
sokoban,20,5,10,2,0.2,0.2,0.4216370213557839,0.0,1.0,a30715c64b1cf14e45d2ca03682d6958d0dcbec4c96717eeb7074c117be74ac1,20,True
sokoban,20,6,10,2,0.2,0.2,0.4216370213557839,0.0,1.0,a30715c64b1cf14e45d2ca03682d6958d0dcbec4c96717eeb7074c117be74ac1,20,True
sokoban,20,7,10,4,0.4,0.4,0.5163977794943223,0.0,1.0,a30715c64b1cf14e45d2ca03682d6958d0dcbec4c96717eeb7074c117be74ac1,20,True
sokoban,20,8,10,5,0.5,0.5,0.5270462766947299,0.0,1.0,a30715c64b1cf14e45d2ca03682d6958d0dcbec4c96717eeb7074c117be74ac1,20,True
sokoban,21,1,10,5,0.5,0.5,0.5270462766947299,0.0,1.0,9b630d3155c2d60e24d6eba970a62c9592850dfef3df8bc07045c1c90be5b657,19,True
sokoban,21,2,10,3,0.3,0.3,0.48304589153964794,0.0,1.0,9b630d3155c2d60e24d6eba970a62c9592850dfef3df8bc07045c1c90be5b657,19,True
sokoban,21,3,10,1,0.1,0.1,0.31622776601683794,0.0,1.0,9b630d3155c2d60e24d6eba970a62c9592850dfef3df8bc07045c1c90be5b657,19,True
sokoban,21,4,10,3,0.3,0.3,0.48304589153964794,0.0,1.0,9b630d3155c2d60e24d6eba970a62c9592850dfef3df8bc07045c1c90be5b657,19,True
sokoban,21,5,10,7,0.7,0.7,0.48304589153964794,0.0,1.0,9b630d3155c2d60e24d6eba970a62c9592850dfef3df8bc07045c1c90be5b657,19,True
sokoban,21,6,10,4,0.4,0.4,0.5163977794943223,0.0,1.0,9b630d3155c2d60e24d6eba970a62c9592850dfef3df8bc07045c1c90be5b657,19,True
sokoban,21,7,10,2,0.2,0.2,0.4216370213557839,0.0,1.0,9b630d3155c2d60e24d6eba970a62c9592850dfef3df8bc07045c1c90be5b657,19,True
sokoban,21,8,10,4,0.4,0.4,0.5163977794943223,0.0,1.0,9b630d3155c2d60e24d6eba970a62c9592850dfef3df8bc07045c1c90be5b657,19,True
sokoban,22,1,10,3,0.3,0.3,0.48304589153964794,0.0,1.0,75175286a5a640ec498fe4edeee4d1ea11d83be8955d2a862392bd9cb2b53a38,20,True
sokoban,22,2,10,2,0.2,0.2,0.4216370213557839,0.0,1.0,75175286a5a640ec498fe4edeee4d1ea11d83be8955d2a862392bd9cb2b53a38,20,True
sokoban,22,3,10,2,0.2,0.2,0.4216370213557839,0.0,1.0,75175286a5a640ec498fe4edeee4d1ea11d83be8955d2a862392bd9cb2b53a38,20,True
sokoban,22,4,10,6,0.6,0.6,0.5163977794943223,0.0,1.0,75175286a5a640ec498fe4edeee4d1ea11d83be8955d2a862392bd9cb2b53a38,20,True
sokoban,22,5,10,4,0.4,0.4,0.5163977794943223,0.0,1.0,75175286a5a640ec498fe4edeee4d1ea11d83be8955d2a862392bd9cb2b53a38,20,True
sokoban,22,6,10,3,0.3,0.3,0.48304589153964794,0.0,1.0,75175286a5a640ec498fe4edeee4d1ea11d83be8955d2a862392bd9cb2b53a38,20,True
sokoban,22,7,10,6,0.6,0.6,0.5163977794943223,0.0,1.0,75175286a5a640ec498fe4edeee4d1ea11d83be8955d2a862392bd9cb2b53a38,20,True
sokoban,22,8,10,2,0.2,0.2,0.4216370213557839,0.0,1.0,75175286a5a640ec498fe4edeee4d1ea11d83be8955d2a862392bd9cb2b53a38,20,True
sokoban,23,1,10,2,0.2,0.2,0.4216370213557839,0.0,1.0,3a1012ecd2edd15653474f6d9fd7a2cd37b5c4ded04e9139604d9b171d1da109,21,True
sokoban,23,2,10,6,0.6,0.6,0.5163977794943223,0.0,1.0,3a1012ecd2edd15653474f6d9fd7a2cd37b5c4ded04e9139604d9b171d1da109,21,True
sokoban,23,3,10,5,0.5,0.5,0.5270462766947299,0.0,1.0,3a1012ecd2edd15653474f6d9fd7a2cd37b5c4ded04e9139604d9b171d1da109,21,True
sokoban,23,4,10,5,0.5,0.5,0.5270462766947299,0.0,1.0,3a1012ecd2edd15653474f6d9fd7a2cd37b5c4ded04e9139604d9b171d1da109,21,True
sokoban,23,5,10,6,0.6,0.6,0.5163977794943223,0.0,1.0,3a1012ecd2edd15653474f6d9fd7a2cd37b5c4ded04e9139604d9b171d1da109,21,True
sokoban,23,6,10,2,0.2,0.2,0.4216370213557839,0.0,1.0,3a1012ecd2edd15653474f6d9fd7a2cd37b5c4ded04e9139604d9b171d1da109,21,True
sokoban,23,7,10,6,0.6,0.6,0.5163977794943223,0.0,1.0,3a1012ecd2edd15653474f6d9fd7a2cd37b5c4ded04e9139604d9b171d1da109,21,True
sokoban,23,8,10,4,0.4,0.4,0.5163977794943223,0.0,1.0,3a1012ecd2edd15653474f6d9fd7a2cd37b5c4ded04e9139604d9b171d1da109,21,True
sokoban,24,1,10,1,0.1,0.1,0.31622776601683794,0.0,1.0,1f564e6a9a9652a919de7c8085867b02f9c753aba7522b4eb111bc651b4526f8,22,True
sokoban,24,2,10,4,0.4,0.4,0.5163977794943223,0.0,1.0,1f564e6a9a9652a919de7c8085867b02f9c753aba7522b4eb111bc651b4526f8,22,True
sokoban,24,3,10,4,0.4,0.4,0.5163977794943223,0.0,1.0,1f564e6a9a9652a919de7c8085867b02f9c753aba7522b4eb111bc651b4526f8,22,True
sokoban,24,4,10,2,0.2,0.2,0.4216370213557839,0.0,1.0,1f564e6a9a9652a919de7c8085867b02f9c753aba7522b4eb111bc651b4526f8,22,True
sokoban,24,5,10,4,0.4,0.4,0.5163977794943223,0.0,1.0,1f564e6a9a9652a919de7c8085867b02f9c753aba7522b4eb111bc651b4526f8,22,True
sokoban,24,6,10,5,0.5,0.5,0.5270462766947299,0.0,1.0,1f564e6a9a9652a919de7c8085867b02f9c753aba7522b4eb111bc651b4526f8,22,True
sokoban,24,7,10,6,0.6,0.6,0.5163977794943223,0.0,1.0,1f564e6a9a9652a919de7c8085867b02f9c753aba7522b4eb111bc651b4526f8,22,True
sokoban,24,8,10,2,0.2,0.2,0.4216370213557839,0.0,1.0,1f564e6a9a9652a919de7c8085867b02f9c753aba7522b4eb111bc651b4526f8,22,True
sokoban,25,1,10,5,0.5,0.5,0.5270462766947299,0.0,1.0,64cddcfefe98dc04ce8f9738df303107c469ad9f0ec3dc8b959a5fb1a9a42acf,21,True
sokoban,25,2,10,6,0.6,0.6,0.5163977794943223,0.0,1.0,64cddcfefe98dc04ce8f9738df303107c469ad9f0ec3dc8b959a5fb1a9a42acf,21,True
sokoban,25,3,10,1,0.1,0.1,0.31622776601683794,0.0,1.0,64cddcfefe98dc04ce8f9738df303107c469ad9f0ec3dc8b959a5fb1a9a42acf,21,True
sokoban,25,4,10,4,0.4,0.4,0.5163977794943223,0.0,1.0,64cddcfefe98dc04ce8f9738df303107c469ad9f0ec3dc8b959a5fb1a9a42acf,21,True
sokoban,25,5,10,2,0.2,0.2,0.4216370213557839,0.0,1.0,64cddcfefe98dc04ce8f9738df303107c469ad9f0ec3dc8b959a5fb1a9a42acf,21,True
sokoban,25,6,10,5,0.5,0.5,0.5270462766947299,0.0,1.0,64cddcfefe98dc04ce8f9738df303107c469ad9f0ec3dc8b959a5fb1a9a42acf,21,True
sokoban,25,7,10,2,0.2,0.2,0.4216370213557839,0.0,1.0,64cddcfefe98dc04ce8f9738df303107c469ad9f0ec3dc8b959a5fb1a9a42acf,21,True
sokoban,25,8,10,4,0.4,0.4,0.5163977794943223,0.0,1.0,64cddcfefe98dc04ce8f9738df303107c469ad9f0ec3dc8b959a5fb1a9a42acf,21,True
sokoban,26,1,10,2,0.2,0.2,0.4216370213557839,0.0,1.0,36ff0e0c476e56dfb27011464fbce494d8c5fd9dc410a8ae00145e714f75671f,23,True
sokoban,26,2,10,6,0.6,0.6,0.5163977794943223,0.0,1.0,36ff0e0c476e56dfb27011464fbce494d8c5fd9dc410a8ae00145e714f75671f,23,True
sokoban,26,3,10,3,0.3,0.3,0.48304589153964794,0.0,1.0,36ff0e0c476e56dfb27011464fbce494d8c5fd9dc410a8ae00145e714f75671f,23,True
sokoban,26,4,10,3,0.3,0.3,0.48304589153964794,0.0,1.0,36ff0e0c476e56dfb27011464fbce494d8c5fd9dc410a8ae00145e714f75671f,23,True
sokoban,26,5,10,2,0.2,0.2,0.4216370213557839,0.0,1.0,36ff0e0c476e56dfb27011464fbce494d8c5fd9dc410a8ae00145e714f75671f,23,True
sokoban,26,6,10,3,0.3,0.3,0.48304589153964794,0.0,1.0,36ff0e0c476e56dfb27011464fbce494d8c5fd9dc410a8ae00145e714f75671f,23,True
sokoban,26,7,10,2,0.2,0.2,0.4216370213557839,0.0,1.0,36ff0e0c476e56dfb27011464fbce494d8c5fd9dc410a8ae00145e714f75671f,23,True
sokoban,26,8,10,5,0.5,0.5,0.5270462766947299,0.0,1.0,36ff0e0c476e56dfb27011464fbce494d8c5fd9dc410a8ae00145e714f75671f,23,True
sokoban,27,1,10,4,0.4,0.4,0.5163977794943223,0.0,1.0,6b552f287e68b196fe4416ef5fbabdec75f32e8fa0be1e463a38d5f2e6f83d77,24,True
sokoban,27,2,10,3,0.3,0.3,0.48304589153964794,0.0,1.0,6b552f287e68b196fe4416ef5fbabdec75f32e8fa0be1e463a38d5f2e6f83d77,24,True
sokoban,27,3,10,3,0.3,0.3,0.48304589153964794,0.0,1.0,6b552f287e68b196fe4416ef5fbabdec75f32e8fa0be1e463a38d5f2e6f83d77,24,True
sokoban,27,4,10,4,0.4,0.4,0.5163977794943223,0.0,1.0,6b552f287e68b196fe4416ef5fbabdec75f32e8fa0be1e463a38d5f2e6f83d77,24,True
sokoban,27,5,10,4,0.4,0.4,0.5163977794943223,0.0,1.0,6b552f287e68b196fe4416ef5fbabdec75f32e8fa0be1e463a38d5f2e6f83d77,24,True
sokoban,27,6,10,5,0.5,0.5,0.5270462766947299,0.0,1.0,6b552f287e68b196fe4416ef5fbabdec75f32e8fa0be1e463a38d5f2e6f83d77,24,True
sokoban,27,7,10,7,0.7,0.7,0.48304589153964794,0.0,1.0,6b552f287e68b196fe4416ef5fbabdec75f32e8fa0be1e463a38d5f2e6f83d77,24,True
sokoban,27,8,10,3,0.3,0.3,0.48304589153964794,0.0,1.0,6b552f287e68b196fe4416ef5fbabdec75f32e8fa0be1e463a38d5f2e6f83d77,24,True
sokoban,28,1,10,4,0.4,0.4,0.5163977794943223,0.0,1.0,60d7ff74a1e08fbefbfcd49d640255101b2a3f4619af2252f9170a5176d40475,28,True
sokoban,28,2,10,3,0.3,0.3,0.48304589153964794,0.0,1.0,60d7ff74a1e08fbefbfcd49d640255101b2a3f4619af2252f9170a5176d40475,28,True
sokoban,28,3,10,5,0.5,0.5,0.5270462766947299,0.0,1.0,60d7ff74a1e08fbefbfcd49d640255101b2a3f4619af2252f9170a5176d40475,28,True
sokoban,28,4,10,4,0.4,0.4,0.5163977794943223,0.0,1.0,60d7ff74a1e08fbefbfcd49d640255101b2a3f4619af2252f9170a5176d40475,28,True
sokoban,28,5,10,3,0.3,0.3,0.48304589153964794,0.0,1.0,60d7ff74a1e08fbefbfcd49d640255101b2a3f4619af2252f9170a5176d40475,28,True
sokoban,28,6,10,6,0.6,0.6,0.5163977794943223,0.0,1.0,60d7ff74a1e08fbefbfcd49d640255101b2a3f4619af2252f9170a5176d40475,28,True
sokoban,28,7,10,3,0.3,0.3,0.48304589153964794,0.0,1.0,60d7ff74a1e08fbefbfcd49d640255101b2a3f4619af2252f9170a5176d40475,28,True
sokoban,28,8,10,1,0.1,0.1,0.31622776601683794,0.0,1.0,60d7ff74a1e08fbefbfcd49d640255101b2a3f4619af2252f9170a5176d40475,28,True
sokoban,29,1,10,5,0.5,0.5,0.5270462766947299,0.0,1.0,60d7ff74a1e08fbefbfcd49d640255101b2a3f4619af2252f9170a5176d40475,28,True
sokoban,29,2,10,3,0.3,0.3,0.48304589153964794,0.0,1.0,60d7ff74a1e08fbefbfcd49d640255101b2a3f4619af2252f9170a5176d40475,28,True
sokoban,29,3,10,2,0.2,0.2,0.4216370213557839,0.0,1.0,60d7ff74a1e08fbefbfcd49d640255101b2a3f4619af2252f9170a5176d40475,28,True
sokoban,29,4,10,3,0.3,0.3,0.48304589153964794,0.0,1.0,60d7ff74a1e08fbefbfcd49d640255101b2a3f4619af2252f9170a5176d40475,28,True
sokoban,29,5,10,6,0.6,0.6,0.5163977794943223,0.0,1.0,60d7ff74a1e08fbefbfcd49d640255101b2a3f4619af2252f9170a5176d40475,28,True
sokoban,29,6,10,5,0.5,0.5,0.5270462766947299,0.0,1.0,60d7ff74a1e08fbefbfcd49d640255101b2a3f4619af2252f9170a5176d40475,28,True
sokoban,29,7,10,4,0.4,0.4,0.5163977794943223,0.0,1.0,60d7ff74a1e08fbefbfcd49d640255101b2a3f4619af2252f9170a5176d40475,28,True
sokoban,29,8,10,5,0.5,0.5,0.5270462766947299,0.0,1.0,60d7ff74a1e08fbefbfcd49d640255101b2a3f4619af2252f9170a5176d40475,28,True
sokoban,30,1,10,3,0.3,0.3,0.48304589153964794,0.0,1.0,350c7402ff68f22a6a3f6622d2f48c8d3a3f1beafb472177e150413a2f0245b0,29,True
sokoban,30,2,10,3,0.3,0.3,0.48304589153964794,0.0,1.0,350c7402ff68f22a6a3f6622d2f48c8d3a3f1beafb472177e150413a2f0245b0,29,True
sokoban,30,3,10,2,0.2,0.2,0.4216370213557839,0.0,1.0,350c7402ff68f22a6a3f6622d2f48c8d3a3f1beafb472177e150413a2f0245b0,29,True
sokoban,30,4,10,1,0.1,0.1,0.31622776601683794,0.0,1.0,350c7402ff68f22a6a3f6622d2f48c8d3a3f1beafb472177e150413a2f0245b0,29,True
sokoban,30,5,10,1,0.1,0.1,0.31622776601683794,0.0,1.0,350c7402ff68f22a6a3f6622d2f48c8d3a3f1beafb472177e150413a2f0245b0,29,True
sokoban,30,6,10,4,0.4,0.4,0.5163977794943223,0.0,1.0,350c7402ff68f22a6a3f6622d2f48c8d3a3f1beafb472177e150413a2f0245b0,29,True
sokoban,30,7,10,3,0.3,0.3,0.48304589153964794,0.0,1.0,350c7402ff68f22a6a3f6622d2f48c8d3a3f1beafb472177e150413a2f0245b0,29,True
sokoban,30,8,10,3,0.3,0.3,0.48304589153964794,0.0,1.0,350c7402ff68f22a6a3f6622d2f48c8d3a3f1beafb472177e150413a2f0245b0,29,True
sokoban,31,1,10,4,0.4,0.4,0.5163977794943223,0.0,1.0,a81515f92337faa95d54de23332896034a7d6cf909c3ab72bd1201215fe8cc09,28,True
sokoban,31,2,10,6,0.6,0.6,0.5163977794943223,0.0,1.0,a81515f92337faa95d54de23332896034a7d6cf909c3ab72bd1201215fe8cc09,28,True
sokoban,31,3,10,2,0.2,0.2,0.4216370213557839,0.0,1.0,a81515f92337faa95d54de23332896034a7d6cf909c3ab72bd1201215fe8cc09,28,True
sokoban,31,4,10,2,0.2,0.2,0.4216370213557839,0.0,1.0,a81515f92337faa95d54de23332896034a7d6cf909c3ab72bd1201215fe8cc09,28,True
sokoban,31,5,10,0,0.0,0.0,0.0,0.0,0.0,a81515f92337faa95d54de23332896034a7d6cf909c3ab72bd1201215fe8cc09,28,True
sokoban,31,6,10,3,0.3,0.3,0.48304589153964794,0.0,1.0,a81515f92337faa95d54de23332896034a7d6cf909c3ab72bd1201215fe8cc09,28,True
sokoban,31,7,10,4,0.4,0.4,0.5163977794943223,0.0,1.0,a81515f92337faa95d54de23332896034a7d6cf909c3ab72bd1201215fe8cc09,28,True
sokoban,31,8,10,3,0.3,0.3,0.48304589153964794,0.0,1.0,a81515f92337faa95d54de23332896034a7d6cf909c3ab72bd1201215fe8cc09,28,True
sokoban,32,1,10,1,0.1,0.1,0.31622776601683794,0.0,1.0,521eb8d1f0dccf55a3fbc0f26d13932275a343f5633ba352889ab6cdea1decdf,38,True
sokoban,32,2,10,3,0.3,0.3,0.48304589153964794,0.0,1.0,521eb8d1f0dccf55a3fbc0f26d13932275a343f5633ba352889ab6cdea1decdf,38,True
sokoban,32,3,10,3,0.3,0.3,0.48304589153964794,0.0,1.0,521eb8d1f0dccf55a3fbc0f26d13932275a343f5633ba352889ab6cdea1decdf,38,True
sokoban,32,4,10,5,0.5,0.5,0.5270462766947299,0.0,1.0,521eb8d1f0dccf55a3fbc0f26d13932275a343f5633ba352889ab6cdea1decdf,38,True
sokoban,32,5,10,2,0.2,0.2,0.4216370213557839,0.0,1.0,521eb8d1f0dccf55a3fbc0f26d13932275a343f5633ba352889ab6cdea1decdf,38,True
sokoban,32,6,10,1,0.1,0.1,0.31622776601683794,0.0,1.0,521eb8d1f0dccf55a3fbc0f26d13932275a343f5633ba352889ab6cdea1decdf,38,True
sokoban,32,7,10,2,0.2,0.2,0.4216370213557839,0.0,1.0,521eb8d1f0dccf55a3fbc0f26d13932275a343f5633ba352889ab6cdea1decdf,38,True
sokoban,32,8,10,2,0.2,0.2,0.4216370213557839,0.0,1.0,521eb8d1f0dccf55a3fbc0f26d13932275a343f5633ba352889ab6cdea1decdf,38,True
sokoban,33,1,10,1,0.1,0.1,0.31622776601683794,0.0,1.0,1a215417f8758fe172cb2b2e90dae9ac5c3e2c25dcd433f55de2bc70c0ca69f2,31,True
sokoban,33,2,10,5,0.5,0.5,0.5270462766947299,0.0,1.0,1a215417f8758fe172cb2b2e90dae9ac5c3e2c25dcd433f55de2bc70c0ca69f2,31,True
sokoban,33,3,10,1,0.1,0.1,0.31622776601683794,0.0,1.0,1a215417f8758fe172cb2b2e90dae9ac5c3e2c25dcd433f55de2bc70c0ca69f2,31,True
sokoban,33,4,10,2,0.2,0.2,0.4216370213557839,0.0,1.0,1a215417f8758fe172cb2b2e90dae9ac5c3e2c25dcd433f55de2bc70c0ca69f2,31,True
sokoban,33,5,10,3,0.3,0.3,0.48304589153964794,0.0,1.0,1a215417f8758fe172cb2b2e90dae9ac5c3e2c25dcd433f55de2bc70c0ca69f2,31,True
sokoban,33,6,10,2,0.2,0.2,0.4216370213557839,0.0,1.0,1a215417f8758fe172cb2b2e90dae9ac5c3e2c25dcd433f55de2bc70c0ca69f2,31,True
sokoban,33,7,10,1,0.1,0.1,0.31622776601683794,0.0,1.0,1a215417f8758fe172cb2b2e90dae9ac5c3e2c25dcd433f55de2bc70c0ca69f2,31,True
sokoban,33,8,10,4,0.4,0.4,0.5163977794943223,0.0,1.0,1a215417f8758fe172cb2b2e90dae9ac5c3e2c25dcd433f55de2bc70c0ca69f2,31,True
sokoban,34,1,10,1,0.1,0.1,0.31622776601683794,0.0,1.0,1a215417f8758fe172cb2b2e90dae9ac5c3e2c25dcd433f55de2bc70c0ca69f2,31,True
sokoban,34,2,10,1,0.1,0.1,0.31622776601683794,0.0,1.0,1a215417f8758fe172cb2b2e90dae9ac5c3e2c25dcd433f55de2bc70c0ca69f2,31,True
sokoban,34,3,10,5,0.5,0.5,0.5270462766947299,0.0,1.0,1a215417f8758fe172cb2b2e90dae9ac5c3e2c25dcd433f55de2bc70c0ca69f2,31,True
sokoban,34,4,10,3,0.3,0.3,0.48304589153964794,0.0,1.0,1a215417f8758fe172cb2b2e90dae9ac5c3e2c25dcd433f55de2bc70c0ca69f2,31,True
sokoban,34,5,10,4,0.4,0.4,0.5163977794943223,0.0,1.0,1a215417f8758fe172cb2b2e90dae9ac5c3e2c25dcd433f55de2bc70c0ca69f2,31,True
sokoban,34,6,10,2,0.2,0.2,0.4216370213557839,0.0,1.0,1a215417f8758fe172cb2b2e90dae9ac5c3e2c25dcd433f55de2bc70c0ca69f2,31,True
sokoban,34,7,10,1,0.1,0.1,0.31622776601683794,0.0,1.0,1a215417f8758fe172cb2b2e90dae9ac5c3e2c25dcd433f55de2bc70c0ca69f2,31,True
sokoban,34,8,10,4,0.4,0.4,0.5163977794943223,0.0,1.0,1a215417f8758fe172cb2b2e90dae9ac5c3e2c25dcd433f55de2bc70c0ca69f2,31,True
sokoban,35,1,10,2,0.2,0.2,0.4216370213557839,0.0,1.0,6236e2103b77248505726d2f6b4acd4e5dc7d3771eba1f68ce530b3299163013,31,True
sokoban,35,2,10,3,0.3,0.3,0.48304589153964794,0.0,1.0,6236e2103b77248505726d2f6b4acd4e5dc7d3771eba1f68ce530b3299163013,31,True
sokoban,35,3,10,3,0.3,0.3,0.48304589153964794,0.0,1.0,6236e2103b77248505726d2f6b4acd4e5dc7d3771eba1f68ce530b3299163013,31,True
sokoban,35,4,10,3,0.3,0.3,0.48304589153964794,0.0,1.0,6236e2103b77248505726d2f6b4acd4e5dc7d3771eba1f68ce530b3299163013,31,True
sokoban,35,5,10,3,0.3,0.3,0.48304589153964794,0.0,1.0,6236e2103b77248505726d2f6b4acd4e5dc7d3771eba1f68ce530b3299163013,31,True
sokoban,35,6,10,1,0.1,0.1,0.31622776601683794,0.0,1.0,6236e2103b77248505726d2f6b4acd4e5dc7d3771eba1f68ce530b3299163013,31,True
sokoban,35,7,10,3,0.3,0.3,0.48304589153964794,0.0,1.0,6236e2103b77248505726d2f6b4acd4e5dc7d3771eba1f68ce530b3299163013,31,True
sokoban,35,8,10,5,0.5,0.5,0.5270462766947299,0.0,1.0,6236e2103b77248505726d2f6b4acd4e5dc7d3771eba1f68ce530b3299163013,31,True
sokoban,36,1,10,4,0.4,0.4,0.5163977794943223,0.0,1.0,a9b7be43227f2f838eddd0baa475d4009ac7d7a336fb4355bba0e439d01ea4d3,32,True
sokoban,36,2,10,3,0.3,0.3,0.48304589153964794,0.0,1.0,a9b7be43227f2f838eddd0baa475d4009ac7d7a336fb4355bba0e439d01ea4d3,32,True
sokoban,36,3,10,3,0.3,0.3,0.48304589153964794,0.0,1.0,a9b7be43227f2f838eddd0baa475d4009ac7d7a336fb4355bba0e439d01ea4d3,32,True
sokoban,36,4,10,4,0.4,0.4,0.5163977794943223,0.0,1.0,a9b7be43227f2f838eddd0baa475d4009ac7d7a336fb4355bba0e439d01ea4d3,32,True
sokoban,36,5,10,3,0.3,0.3,0.48304589153964794,0.0,1.0,a9b7be43227f2f838eddd0baa475d4009ac7d7a336fb4355bba0e439d01ea4d3,32,True
sokoban,36,6,10,0,0.0,0.0,0.0,0.0,0.0,a9b7be43227f2f838eddd0baa475d4009ac7d7a336fb4355bba0e439d01ea4d3,32,True
sokoban,36,7,10,1,0.1,0.1,0.31622776601683794,0.0,1.0,a9b7be43227f2f838eddd0baa475d4009ac7d7a336fb4355bba0e439d01ea4d3,32,True
sokoban,36,8,10,3,0.3,0.3,0.48304589153964794,0.0,1.0,a9b7be43227f2f838eddd0baa475d4009ac7d7a336fb4355bba0e439d01ea4d3,32,True
sokoban,37,1,10,3,0.3,0.3,0.48304589153964794,0.0,1.0,cf85b154da9d20676eb0e2ddccc3f7a391158d16c60a93fa7497c3c5a680cfc8,32,True
sokoban,37,2,10,2,0.2,0.2,0.4216370213557839,0.0,1.0,cf85b154da9d20676eb0e2ddccc3f7a391158d16c60a93fa7497c3c5a680cfc8,32,True
sokoban,37,3,10,4,0.4,0.4,0.5163977794943223,0.0,1.0,cf85b154da9d20676eb0e2ddccc3f7a391158d16c60a93fa7497c3c5a680cfc8,32,True
sokoban,37,4,10,7,0.7,0.7,0.48304589153964794,0.0,1.0,cf85b154da9d20676eb0e2ddccc3f7a391158d16c60a93fa7497c3c5a680cfc8,32,True
sokoban,37,5,10,5,0.5,0.5,0.5270462766947299,0.0,1.0,cf85b154da9d20676eb0e2ddccc3f7a391158d16c60a93fa7497c3c5a680cfc8,32,True
sokoban,37,6,10,2,0.2,0.2,0.4216370213557839,0.0,1.0,cf85b154da9d20676eb0e2ddccc3f7a391158d16c60a93fa7497c3c5a680cfc8,32,True
sokoban,37,7,10,2,0.2,0.2,0.4216370213557839,0.0,1.0,cf85b154da9d20676eb0e2ddccc3f7a391158d16c60a93fa7497c3c5a680cfc8,32,True
sokoban,37,8,10,5,0.5,0.5,0.5270462766947299,0.0,1.0,cf85b154da9d20676eb0e2ddccc3f7a391158d16c60a93fa7497c3c5a680cfc8,32,True
sokoban,38,1,10,4,0.4,0.4,0.5163977794943223,0.0,1.0,1b70070f6e5853391fcde76d5ce6e223e1985d713ab469e3fbdc00676ce8a6a5,31,True
sokoban,38,2,10,3,0.3,0.3,0.48304589153964794,0.0,1.0,1b70070f6e5853391fcde76d5ce6e223e1985d713ab469e3fbdc00676ce8a6a5,31,True
sokoban,38,3,10,1,0.1,0.1,0.31622776601683794,0.0,1.0,1b70070f6e5853391fcde76d5ce6e223e1985d713ab469e3fbdc00676ce8a6a5,31,True
sokoban,38,4,10,3,0.3,0.3,0.48304589153964794,0.0,1.0,1b70070f6e5853391fcde76d5ce6e223e1985d713ab469e3fbdc00676ce8a6a5,31,True
sokoban,38,5,10,5,0.5,0.5,0.5270462766947299,0.0,1.0,1b70070f6e5853391fcde76d5ce6e223e1985d713ab469e3fbdc00676ce8a6a5,31,True
sokoban,38,6,10,4,0.4,0.4,0.5163977794943223,0.0,1.0,1b70070f6e5853391fcde76d5ce6e223e1985d713ab469e3fbdc00676ce8a6a5,31,True
sokoban,38,7,10,2,0.2,0.2,0.4216370213557839,0.0,1.0,1b70070f6e5853391fcde76d5ce6e223e1985d713ab469e3fbdc00676ce8a6a5,31,True
sokoban,38,8,10,2,0.2,0.2,0.4216370213557839,0.0,1.0,1b70070f6e5853391fcde76d5ce6e223e1985d713ab469e3fbdc00676ce8a6a5,31,True
sokoban,39,1,10,3,0.3,0.3,0.48304589153964794,0.0,1.0,82563d76703a917fd67d477f32ea3785a3601d03b0509385c169df0b578ac20e,25,True
sokoban,39,2,10,2,0.2,0.2,0.4216370213557839,0.0,1.0,82563d76703a917fd67d477f32ea3785a3601d03b0509385c169df0b578ac20e,25,True
sokoban,39,3,10,5,0.5,0.5,0.5270462766947299,0.0,1.0,82563d76703a917fd67d477f32ea3785a3601d03b0509385c169df0b578ac20e,25,True
sokoban,39,4,10,2,0.2,0.2,0.4216370213557839,0.0,1.0,82563d76703a917fd67d477f32ea3785a3601d03b0509385c169df0b578ac20e,25,True
sokoban,39,5,10,6,0.6,0.6,0.5163977794943223,0.0,1.0,82563d76703a917fd67d477f32ea3785a3601d03b0509385c169df0b578ac20e,25,True
sokoban,39,6,10,3,0.3,0.3,0.48304589153964794,0.0,1.0,82563d76703a917fd67d477f32ea3785a3601d03b0509385c169df0b578ac20e,25,True
sokoban,39,7,10,2,0.2,0.2,0.4216370213557839,0.0,1.0,82563d76703a917fd67d477f32ea3785a3601d03b0509385c169df0b578ac20e,25,True
sokoban,39,8,10,2,0.2,0.2,0.4216370213557839,0.0,1.0,82563d76703a917fd67d477f32ea3785a3601d03b0509385c169df0b578ac20e,25,True
sokoban,40,1,10,2,0.2,0.2,0.4216370213557839,0.0,1.0,0bbded51735de71c99dec4e8922bf6b74a490d63d14bf9a058a00e65de88fdc1,25,True
sokoban,40,2,10,2,0.2,0.2,0.4216370213557839,0.0,1.0,0bbded51735de71c99dec4e8922bf6b74a490d63d14bf9a058a00e65de88fdc1,25,True
sokoban,40,3,10,5,0.5,0.5,0.5270462766947299,0.0,1.0,0bbded51735de71c99dec4e8922bf6b74a490d63d14bf9a058a00e65de88fdc1,25,True
sokoban,40,4,10,4,0.4,0.4,0.5163977794943223,0.0,1.0,0bbded51735de71c99dec4e8922bf6b74a490d63d14bf9a058a00e65de88fdc1,25,True
sokoban,40,5,10,3,0.3,0.3,0.48304589153964794,0.0,1.0,0bbded51735de71c99dec4e8922bf6b74a490d63d14bf9a058a00e65de88fdc1,25,True
sokoban,40,6,10,2,0.2,0.2,0.4216370213557839,0.0,1.0,0bbded51735de71c99dec4e8922bf6b74a490d63d14bf9a058a00e65de88fdc1,25,True
sokoban,40,7,10,3,0.3,0.3,0.48304589153964794,0.0,1.0,0bbded51735de71c99dec4e8922bf6b74a490d63d14bf9a058a00e65de88fdc1,25,True
sokoban,40,8,10,6,0.6,0.6,0.5163977794943223,0.0,1.0,0bbded51735de71c99dec4e8922bf6b74a490d63d14bf9a058a00e65de88fdc1,25,True
