env,state_x,num_samples,total_games,total_success,overall_pass_rate,mean_sample_pass_rate,std_sample_pass_rate,sem_sample_pass_rate,min_sample_pass_rate,max_sample_pass_rate,notebook_hash,notebook_size_lines,reference_prompt_matches_template
frozen_lake,1,8,80,21,0.2625,0.2625,0.23260942125619688,0.08223984956906753,0.0,0.7,0e61043d9626e44e976ccfc887a7d3559fce5744e69799100b9533cba51da21b,11,True
frozen_lake,2,8,80,19,0.2375,0.2375,0.15059406173077153,0.05324304112812704,0.0,0.5,11b2efca10c7b11ca42f4ab140649b21f2eda78d249edd04b77359020124be62,14,True
frozen_lake,3,8,80,21,0.2625,0.2625,0.11877349391654207,0.04199277148680302,0.1,0.4,11b2efca10c7b11ca42f4ab140649b21f2eda78d249edd04b77359020124be62,14,True
frozen_lake,4,8,80,21,0.2625,0.2625,0.1767766952966369,0.0625,0.0,0.5,11b2efca10c7b11ca42f4ab140649b21f2eda78d249edd04b77359020124be62,14,True
frozen_lake,5,8,80,22,0.275,0.275,0.10350983390135313,0.03659625273556999,0.2,0.5,97c2de08841fd45bf72a0461154b857beae276c7aef0e76cde8280e82af2d550,16,True
frozen_lake,6,8,80,22,0.275,0.275,0.22519832529192066,0.07961963146288555,0.0,0.6,53f8f31616e9bd12effc6729ea9029bc2afb5a3cfbfb6fe5a759dc23225e1c86,16,True
frozen_lake,7,8,80,22,0.275,0.275,0.17525491637693283,0.06196196990320526,0.0,0.5,53f8f31616e9bd12effc6729ea9029bc2afb5a3cfbfb6fe5a759dc23225e1c86,16,True
frozen_lake,8,8,80,21,0.2625,0.2625,0.15979898086569352,0.05649747149841562,0.0,0.5,53f8f31616e9bd12effc6729ea9029bc2afb5a3cfbfb6fe5a759dc23225e1c86,16,True
frozen_lake,9,8,80,26,0.325,0.325,0.18322507626258083,0.0647798469543466,0.1,0.7,6240740a9b21069f8f4cba3a3e3038d32520e2dd6071caaf6091b9bf67ca9b36,15,True
frozen_lake,10,8,80,22,0.275,0.275,0.12817398889233114,0.04531634835874828,0.1,0.4,6240740a9b21069f8f4cba3a3e3038d32520e2dd6071caaf6091b9bf67ca9b36,15,True
frozen_lake,11,8,80,20,0.25,0.25,0.13093073414159542,0.046291004988627565,0.1,0.5,7af49fe3e7c1b147b0a2e2af18b7b138820115d32d6fff7468add04973dc1449,16,True
frozen_lake,12,8,80,26,0.325,0.325,0.10350983390135314,0.036596252735569997,0.2,0.5,7af49fe3e7c1b147b0a2e2af18b7b138820115d32d6fff7468add04973dc1449,16,True
frozen_lake,13,8,80,27,0.3375,0.3375,0.10606601717798213,0.0375,0.2,0.5,7af49fe3e7c1b147b0a2e2af18b7b138820115d32d6fff7468add04973dc1449,16,True
frozen_lake,14,8,80,20,0.25,0.25,0.1414213562373095,0.049999999999999996,0.1,0.5,7af49fe3e7c1b147b0a2e2af18b7b138820115d32d6fff7468add04973dc1449,16,True
frozen_lake,15,8,80,23,0.2875,0.2875,0.11259916264596033,0.03980981573144277,0.2,0.5,9921e3feca4c5c34c78a1bcd92a8831edf8ab3f0ea34bca576e11431d178edb1,17,True
frozen_lake,16,8,80,25,0.3125,0.3125,0.06408699444616558,0.022658174179374147,0.2,0.4,e8b20fa90b0b4705a5500442abaea63e06b0ce692864a9435469c1d6a6abb2fb,16,True
frozen_lake,17,8,80,25,0.3125,0.3125,0.1552647508520297,0.05489437910335499,0.1,0.5,7b625718766d9f3559c4d3159a120a9c8a2e9fb0c0f38934946c6514b2fe0b0d,16,True
frozen_lake,18,8,80,25,0.3125,0.3125,0.17268882005337974,0.06105471784742413,0.0,0.5,7b625718766d9f3559c4d3159a120a9c8a2e9fb0c0f38934946c6514b2fe0b0d,16,True
frozen_lake,19,8,80,28,0.35,0.35,0.09258200997725514,0.032732683535398856,0.2,0.5,7b625718766d9f3559c4d3159a120a9c8a2e9fb0c0f38934946c6514b2fe0b0d,16,True
frozen_lake,20,8,80,31,0.3875,0.3875,0.1457737973711325,0.051538820320220745,0.2,0.6,ed8ef4637beb58ef226188b96bdd384b028196cb1bb3b475149cb98d3cc5f7f0,17,True
frozen_lake,21,8,80,37,0.4625,0.4625,0.2065879266282796,0.07303986191506272,0.1,0.8,0ea181f60ff028c158e29fde3e38211870359565a4bb2dc013ab441bc7eecc71,18,True
frozen_lake,22,8,80,29,0.3625,0.3625,0.15059406173077153,0.05324304112812704,0.1,0.5,0d446f0684ee1c26f883e09dc4deffee51563bb2b7a88b46e50204b3a4301818,19,True
frozen_lake,23,8,80,36,0.45,0.45,0.16035674514745465,0.056694670951384085,0.3,0.8,afc571975a448d74c40edb02920f102e0a5a04949a814199a552f3c6de1201e4,19,True
frozen_lake,24,8,80,34,0.425,0.425,0.12817398889233114,0.04531634835874828,0.3,0.6,afc571975a448d74c40edb02920f102e0a5a04949a814199a552f3c6de1201e4,19,True
frozen_lake,25,8,80,26,0.325,0.325,0.13887301496588272,0.04909902530309829,0.2,0.6,f85292df2c9e40cf0d4f253efd9b4fa84ccac83a4606c62ee56b90ba7656b766,20,True
frozen_lake,26,8,80,34,0.425,0.425,0.08864052604279182,0.03133915852640043,0.3,0.6,f85292df2c9e40cf0d4f253efd9b4fa84ccac83a4606c62ee56b90ba7656b766,20,True
frozen_lake,27,8,80,31,0.3875,0.3875,0.09910312089651148,0.03503824441133675,0.3,0.6,b5d2089cdb546449cdfe40a51c0021593a5477b8795df1892a8d6cf4a8baafb4,21,True
frozen_lake,28,8,80,24,0.3,0.3,0.13093073414159542,0.046291004988627565,0.1,0.5,abed13f1d03331c8e80676e3b05137d595ce20ac697c723feae303b828260fbe,22,True
frozen_lake,29,8,80,28,0.35,0.35000000000000003,0.1414213562373095,0.049999999999999996,0.2,0.6,f154e43ddf706cf687878f4f629789c695bb725fd8cd572b69a20e8eb8533850,22,True
frozen_lake,30,8,80,25,0.3125,0.3125,0.12464234547582248,0.04406772385447523,0.1,0.5,a3f769caeb93e314e929e656646bb30e70e0ac3021bec8ff71d3a13a0c736bff,22,True
frozen_lake,31,8,80,30,0.375,0.375,0.1164964745021435,0.041187723552395694,0.2,0.5,a93de526813e3fc00dc28c810a8ecaa1128a947462dbaaa81b1cf20e5306d0a2,23,True
frozen_lake,32,8,80,17,0.2125,0.2125,0.11259916264596033,0.03980981573144277,0.1,0.4,72c448e7bb19cf77cbfc5b79a53808f85dc07f7ab1db42b5e9599ce351740f58,24,True
frozen_lake,33,8,80,34,0.425,0.425,0.12817398889233114,0.04531634835874828,0.2,0.6,bd3b10515582c553b2fe553fecdf89f7066e8f9fb21255dcf38d298bc214b688,24,True
frozen_lake,34,8,80,37,0.4625,0.46249999999999997,0.18468119248354134,0.06529466178136506,0.2,0.7,0caf64803526b8856665db40dd62ea54eb01ba2e9ba181f23a3702d02c4fd72e,25,True
frozen_lake,35,8,80,38,0.475,0.475,0.1388730149658827,0.04909902530309827,0.3,0.7,0caf64803526b8856665db40dd62ea54eb01ba2e9ba181f23a3702d02c4fd72e,25,True
frozen_lake,36,8,80,33,0.4125,0.4125,0.17268882005337974,0.06105471784742413,0.2,0.6,0caf64803526b8856665db40dd62ea54eb01ba2e9ba181f23a3702d02c4fd72e,25,True
frozen_lake,37,8,80,35,0.4375,0.4375,0.1685018016012207,0.0595743832771867,0.2,0.7,2d427f5ed678eb6e626b065a56c7c824caffceb3ec46c9d9546c7ccf5ddfc53e,19,True
frozen_lake,38,8,80,25,0.3125,0.3125,0.1457737973711325,0.051538820320220745,0.2,0.6,1f55f9d199573ea5c2af2ddb1d05fa505405012a2d839780ebf5a595230a372e,17,True
frozen_lake,39,8,80,25,0.3125,0.3125,0.15526475085202968,0.05489437910335498,0.2,0.6,ce84a1917c64c8514cfe4fed7feb4e73de06955293f949057f59b211fc9424f3,17,True
frozen_lake,40,8,80,13,0.1625,0.1625,0.1407885953173359,0.049776285231308406,0.0,0.4,99673d5a7ac3388019126572966801544f7ba97621fcbd31f33c35ba6d6f0154,18,True
sokoban,1,8,80,36,0.45,0.45,0.17728105208558365,0.06267831705280086,0.2,0.7,0e61043d9626e44e976ccfc887a7d3559fce5744e69799100b9533cba51da21b,11,True
sokoban,2,8,80,25,0.3125,0.3125,0.14577379737113252,0.05153882032022076,0.1,0.5,edfe140dd189905d60428ab1e2b8ab620987db65f2827a2cf876ac48720920da,13,True
sokoban,3,8,80,27,0.3375,0.3375,0.2263846284534354,0.0800390529679106,0.0,0.7,1231b13e4d9e3e3ca5c2817a7d90bded1e2b95c147be32514e09c485b80a390c,14,True
sokoban,4,8,80,33,0.4125,0.4125,0.12464234547582248,0.04406772385447523,0.2,0.6,cbeb6d47b76816c43ce2f031f4fa4eb0043c69719c6657fa99a6f0e9eb72c5c6,12,True
sokoban,5,8,80,27,0.3375,0.3375,0.19955307206712847,0.07055266523263717,0.0,0.6,cbeb6d47b76816c43ce2f031f4fa4eb0043c69719c6657fa99a6f0e9eb72c5c6,12,True
sokoban,6,8,80,13,0.1625,0.1625,0.13024701806293193,0.04604927485081295,0.0,0.4,ad843948668b229a0527d2bdab87fde1151271a992b9326812630933e4316c61,14,True
sokoban,7,8,80,20,0.25,0.25,0.1414213562373095,0.049999999999999996,0.1,0.4,35f8f4354246e30bc09669c6bda49c081b5172eba79de3134070b0fc39ff2fb1,15,True
sokoban,8,8,80,23,0.2875,0.28750000000000003,0.1246423454758225,0.04406772385447524,0.1,0.4,da47afde67724dba5c03c064295732cf039334b76fb9b2e4d1b99ac5aa6c4ab2,16,True
sokoban,9,8,80,28,0.35,0.35,0.07559289460184546,0.02672612419124244,0.3,0.5,9f480f6b10c261a9f9392513ef4451b90a04805ce7daa08bdd8331c12d3fe609,17,True
sokoban,10,8,80,26,0.325,0.325,0.15811388300841897,0.05590169943749474,0.2,0.6,9f480f6b10c261a9f9392513ef4451b90a04805ce7daa08bdd8331c12d3fe609,17,True
sokoban,11,8,80,20,0.25,0.25,0.10690449676496976,0.03779644730092272,0.1,0.4,9f480f6b10c261a9f9392513ef4451b90a04805ce7daa08bdd8331c12d3fe609,17,True
sokoban,12,8,80,25,0.3125,0.3125,0.09910312089651149,0.03503824441133676,0.1,0.4,92be28a4602141e5cb9c6f0741bec750ad04b48e5a2662b07f185af796f1c980,18,True
sokoban,13,8,80,19,0.2375,0.23750000000000002,0.15059406173077153,0.05324304112812704,0.1,0.5,92be28a4602141e5cb9c6f0741bec750ad04b48e5a2662b07f185af796f1c980,18,True
sokoban,14,8,80,21,0.2625,0.2625,0.10606601717798213,0.0375,0.1,0.4,92be28a4602141e5cb9c6f0741bec750ad04b48e5a2662b07f185af796f1c980,18,True
sokoban,15,8,80,39,0.4875,0.4875,0.1457737973711325,0.051538820320220745,0.3,0.7,f699a49f733ab417b52f4c7b5eca18ab9ce419d40c449186d6e123783e742dcd,13,True
sokoban,16,8,80,32,0.4,0.4,0.16035674514745463,0.05669467095138408,0.1,0.6,dd6ce385ac849f12239e19de7f6c727169c8a2745ccb5c697d54d65820eb51d9,14,True
sokoban,17,8,80,30,0.375,0.375,0.11649647450214351,0.0411877235523957,0.2,0.5,7686914699c25cc9e9464ca14f8c91d5454605c817c6b71c0732c91b2588df74,15,True
sokoban,18,8,80,38,0.475,0.475,0.21876275473019363,0.07734431367038469,0.2,0.9,afa4cc54961578ef30eec28600ee2754c7832c332565cad5543290e2a2bc1ce2,16,True
sokoban,19,8,80,36,0.45,0.45,0.1851640199545103,0.06546536707079771,0.1,0.7,f6e34e5c93f7fe546aab98737df6341e7757df8b292eab4c9b1d9971fe2bc955,18,True
sokoban,20,8,80,28,0.35,0.35000000000000003,0.13093073414159542,0.046291004988627565,0.2,0.5,a30715c64b1cf14e45d2ca03682d6958d0dcbec4c96717eeb7074c117be74ac1,20,True
sokoban,21,8,80,29,0.3625,0.3625,0.18468119248354137,0.06529466178136507,0.1,0.7,9b630d3155c2d60e24d6eba970a62c9592850dfef3df8bc07045c1c90be5b657,19,True
sokoban,22,8,80,28,0.35,0.35,0.1690308509457033,0.059761430466719674,0.2,0.6,75175286a5a640ec498fe4edeee4d1ea11d83be8955d2a862392bd9cb2b53a38,20,True
sokoban,23,8,80,36,0.45,0.45,0.1690308509457033,0.059761430466719674,0.2,0.6,3a1012ecd2edd15653474f6d9fd7a2cd37b5c4ded04e9139604d9b171d1da109,21,True
sokoban,24,8,80,28,0.35,0.35000000000000003,0.1690308509457033,0.059761430466719674,0.1,0.6,1f564e6a9a9652a919de7c8085867b02f9c753aba7522b4eb111bc651b4526f8,22,True
sokoban,25,8,80,29,0.3625,0.3625,0.17677669529663687,0.06249999999999999,0.1,0.6,64cddcfefe98dc04ce8f9738df303107c469ad9f0ec3dc8b959a5fb1a9a42acf,21,True
sokoban,26,8,80,26,0.325,0.325,0.14880476182856897,0.052610428080915116,0.2,0.6,36ff0e0c476e56dfb27011464fbce494d8c5fd9dc410a8ae00145e714f75671f,23,True
sokoban,27,8,80,33,0.4125,0.4125,0.13562026818605374,0.047949005650348396,0.3,0.7,6b552f287e68b196fe4416ef5fbabdec75f32e8fa0be1e463a38d5f2e6f83d77,24,True
sokoban,28,8,80,29,0.3625,0.3625,0.15059406173077153,0.05324304112812704,0.1,0.6,60d7ff74a1e08fbefbfcd49d640255101b2a3f4619af2252f9170a5176d40475,28,True
sokoban,29,8,80,33,0.4125,0.4125,0.13562026818605374,0.047949005650348396,0.2,0.6,60d7ff74a1e08fbefbfcd49d640255101b2a3f4619af2252f9170a5176d40475,28,True
sokoban,30,8,80,20,0.25,0.25,0.10690449676496976,0.03779644730092272,0.1,0.4,350c7402ff68f22a6a3f6622d2f48c8d3a3f1beafb472177e150413a2f0245b0,29,True
sokoban,31,8,80,24,0.3,0.3,0.17728105208558367,0.06267831705280087,0.0,0.6,a81515f92337faa95d54de23332896034a7d6cf909c3ab72bd1201215fe8cc09,28,True
sokoban,32,8,80,19,0.2375,0.2375,0.13024701806293193,0.04604927485081295,0.1,0.5,521eb8d1f0dccf55a3fbc0f26d13932275a343f5633ba352889ab6cdea1decdf,38,True
sokoban,33,8,80,19,0.2375,0.23750000000000002,0.15059406173077153,0.05324304112812704,0.1,0.5,1a215417f8758fe172cb2b2e90dae9ac5c3e2c25dcd433f55de2bc70c0ca69f2,31,True
sokoban,34,8,80,21,0.2625,0.2625,0.15979898086569352,0.05649747149841562,0.1,0.5,1a215417f8758fe172cb2b2e90dae9ac5c3e2c25dcd433f55de2bc70c0ca69f2,31,True
sokoban,35,8,80,23,0.2875,0.2875,0.11259916264596033,0.03980981573144277,0.1,0.5,6236e2103b77248505726d2f6b4acd4e5dc7d3771eba1f68ce530b3299163013,31,True
sokoban,36,8,80,21,0.2625,0.2625,0.1407885953173359,0.049776285231308406,0.0,0.4,a9b7be43227f2f838eddd0baa475d4009ac7d7a336fb4355bba0e439d01ea4d3,32,True
sokoban,37,8,80,30,0.375,0.375,0.18322507626258083,0.0647798469543466,0.2,0.7,cf85b154da9d20676eb0e2ddccc3f7a391158d16c60a93fa7497c3c5a680cfc8,32,True
sokoban,38,8,80,24,0.3,0.3,0.13093073414159542,0.046291004988627565,0.1,0.5,1b70070f6e5853391fcde76d5ce6e223e1985d713ab469e3fbdc00676ce8a6a5,31,True
sokoban,39,8,80,25,0.3125,0.3125,0.15526475085202968,0.05489437910335498,0.2,0.6,82563d76703a917fd67d477f32ea3785a3601d03b0509385c169df0b578ac20e,25,True
sokoban,40,8,80,27,0.3375,0.3375,0.15059406173077153,0.05324304112812704,0.2,0.6,0bbded51735de71c99dec4e8922bf6b74a490d63d14bf9a058a00e65de88fdc1,25,True
