env,state_x,sample_y,num_games,num_success,pass_rate,mean_reward,std_reward,min_reward,max_reward,condition,notebook_hash,notebook_size_lines,source_notebook_hash,source_notebook_size_lines,reference_prompt_matches_template,updater_prompt_notebook_matches_state
frozen_lake,2,1,20,3,0.15,0.15,0.36634754853252327,0.0,1.0,original,db0864659eadb7768b1c2af2d9e55c96285df6bb13ecaffcdf461f33cf2be990,20,db0864659eadb7768b1c2af2d9e55c96285df6bb13ecaffcdf461f33cf2be990,20,True,True
frozen_lake,2,2,20,2,0.1,0.1,0.30779350562554625,0.0,1.0,original,db0864659eadb7768b1c2af2d9e55c96285df6bb13ecaffcdf461f33cf2be990,20,db0864659eadb7768b1c2af2d9e55c96285df6bb13ecaffcdf461f33cf2be990,20,True,True
frozen_lake,2,3,20,5,0.25,0.25,0.44426165831931924,0.0,1.0,original,db0864659eadb7768b1c2af2d9e55c96285df6bb13ecaffcdf461f33cf2be990,20,db0864659eadb7768b1c2af2d9e55c96285df6bb13ecaffcdf461f33cf2be990,20,True,True
frozen_lake,2,4,20,3,0.15,0.15,0.36634754853252327,0.0,1.0,original,db0864659eadb7768b1c2af2d9e55c96285df6bb13ecaffcdf461f33cf2be990,20,db0864659eadb7768b1c2af2d9e55c96285df6bb13ecaffcdf461f33cf2be990,20,True,True
frozen_lake,2,5,20,5,0.25,0.25,0.44426165831931924,0.0,1.0,original,db0864659eadb7768b1c2af2d9e55c96285df6bb13ecaffcdf461f33cf2be990,20,db0864659eadb7768b1c2af2d9e55c96285df6bb13ecaffcdf461f33cf2be990,20,True,True
frozen_lake,2,6,20,4,0.2,0.2,0.41039134083406165,0.0,1.0,original,db0864659eadb7768b1c2af2d9e55c96285df6bb13ecaffcdf461f33cf2be990,20,db0864659eadb7768b1c2af2d9e55c96285df6bb13ecaffcdf461f33cf2be990,20,True,True
frozen_lake,2,7,20,7,0.35,0.35,0.4893604849295929,0.0,1.0,original,db0864659eadb7768b1c2af2d9e55c96285df6bb13ecaffcdf461f33cf2be990,20,db0864659eadb7768b1c2af2d9e55c96285df6bb13ecaffcdf461f33cf2be990,20,True,True
frozen_lake,2,8,20,4,0.2,0.2,0.41039134083406165,0.0,1.0,original,db0864659eadb7768b1c2af2d9e55c96285df6bb13ecaffcdf461f33cf2be990,20,db0864659eadb7768b1c2af2d9e55c96285df6bb13ecaffcdf461f33cf2be990,20,True,True
frozen_lake,2,1,20,7,0.35,0.35,0.4893604849295929,0.0,1.0,updated,a7161f48a17c28dd75ae3a621fe58067480bd0351df121c87e8c835adea9510f,21,db0864659eadb7768b1c2af2d9e55c96285df6bb13ecaffcdf461f33cf2be990,20,True,True
frozen_lake,2,2,20,5,0.25,0.25,0.44426165831931924,0.0,1.0,updated,c3aa0580706c4c8f7cb1eda5eba993e6f91893319b092fcc36b82c207f4f6bd5,21,db0864659eadb7768b1c2af2d9e55c96285df6bb13ecaffcdf461f33cf2be990,20,True,True
frozen_lake,2,3,20,3,0.15,0.15,0.36634754853252327,0.0,1.0,updated,a22460583044de4c09aadd49f298cca2c7390b80016ed0e859d8303662e9db08,21,db0864659eadb7768b1c2af2d9e55c96285df6bb13ecaffcdf461f33cf2be990,20,True,True
frozen_lake,2,4,20,5,0.25,0.25,0.44426165831931924,0.0,1.0,updated,33d41996f539ab0b32af4d6a6617cffc6f12eb6fc6610fa96d4a3965da0b2464,20,db0864659eadb7768b1c2af2d9e55c96285df6bb13ecaffcdf461f33cf2be990,20,True,True
frozen_lake,2,5,20,7,0.35,0.35,0.4893604849295929,0.0,1.0,updated,0b65609c90613ed87eebeb60b9266b0fd3959250f46aac2f6e10e515ad514862,21,db0864659eadb7768b1c2af2d9e55c96285df6bb13ecaffcdf461f33cf2be990,20,True,True
frozen_lake,2,6,20,5,0.25,0.25,0.44426165831931924,0.0,1.0,updated,a89f94b2c7ee650ba4327c1d5174c3dafec89a5ed2ae89ea91a97cdd290dda1a,19,db0864659eadb7768b1c2af2d9e55c96285df6bb13ecaffcdf461f33cf2be990,20,True,True
frozen_lake,2,7,20,3,0.15,0.15,0.36634754853252327,0.0,1.0,updated,db0864659eadb7768b1c2af2d9e55c96285df6bb13ecaffcdf461f33cf2be990,20,db0864659eadb7768b1c2af2d9e55c96285df6bb13ecaffcdf461f33cf2be990,20,True,True
frozen_lake,2,8,20,5,0.25,0.25,0.44426165831931924,0.0,1.0,updated,db0864659eadb7768b1c2af2d9e55c96285df6bb13ecaffcdf461f33cf2be990,20,db0864659eadb7768b1c2af2d9e55c96285df6bb13ecaffcdf461f33cf2be990,20,True,True
frozen_lake,6,1,20,11,0.55,0.55,0.5104177855340404,0.0,1.0,original,b5300102cb54ee6768a531c9ba7e1a88e38177c58f0a39b6ac752857356f3116,21,b5300102cb54ee6768a531c9ba7e1a88e38177c58f0a39b6ac752857356f3116,21,True,True
frozen_lake,6,2,20,10,0.5,0.5,0.5129891760425771,0.0,1.0,original,b5300102cb54ee6768a531c9ba7e1a88e38177c58f0a39b6ac752857356f3116,21,b5300102cb54ee6768a531c9ba7e1a88e38177c58f0a39b6ac752857356f3116,21,True,True
frozen_lake,6,3,20,11,0.55,0.55,0.5104177855340404,0.0,1.0,original,b5300102cb54ee6768a531c9ba7e1a88e38177c58f0a39b6ac752857356f3116,21,b5300102cb54ee6768a531c9ba7e1a88e38177c58f0a39b6ac752857356f3116,21,True,True
frozen_lake,6,4,20,12,0.6,0.6,0.5026246899500346,0.0,1.0,original,b5300102cb54ee6768a531c9ba7e1a88e38177c58f0a39b6ac752857356f3116,21,b5300102cb54ee6768a531c9ba7e1a88e38177c58f0a39b6ac752857356f3116,21,True,True
frozen_lake,6,5,20,11,0.55,0.55,0.5104177855340404,0.0,1.0,original,b5300102cb54ee6768a531c9ba7e1a88e38177c58f0a39b6ac752857356f3116,21,b5300102cb54ee6768a531c9ba7e1a88e38177c58f0a39b6ac752857356f3116,21,True,True
frozen_lake,6,6,20,13,0.65,0.65,0.4893604849295929,0.0,1.0,original,b5300102cb54ee6768a531c9ba7e1a88e38177c58f0a39b6ac752857356f3116,21,b5300102cb54ee6768a531c9ba7e1a88e38177c58f0a39b6ac752857356f3116,21,True,True
frozen_lake,6,7,20,11,0.55,0.55,0.5104177855340404,0.0,1.0,original,b5300102cb54ee6768a531c9ba7e1a88e38177c58f0a39b6ac752857356f3116,21,b5300102cb54ee6768a531c9ba7e1a88e38177c58f0a39b6ac752857356f3116,21,True,True
frozen_lake,6,8,20,11,0.55,0.55,0.5104177855340404,0.0,1.0,original,b5300102cb54ee6768a531c9ba7e1a88e38177c58f0a39b6ac752857356f3116,21,b5300102cb54ee6768a531c9ba7e1a88e38177c58f0a39b6ac752857356f3116,21,True,True
frozen_lake,6,1,20,4,0.2,0.2,0.41039134083406165,0.0,1.0,updated,2fed237bd6fb4a9f35ab2a9e24c599f7ed51b4578f3a9999d3a605a7b6b6f780,22,b5300102cb54ee6768a531c9ba7e1a88e38177c58f0a39b6ac752857356f3116,21,True,True
frozen_lake,6,2,20,15,0.75,0.75,0.44426165831931924,0.0,1.0,updated,919d8061a8561830f472e8116f25b4e06f360e36f4676ce201fee7c95153ab97,19,b5300102cb54ee6768a531c9ba7e1a88e38177c58f0a39b6ac752857356f3116,21,True,True
frozen_lake,6,3,20,14,0.7,0.7,0.47016234598162726,0.0,1.0,updated,e69cbc3780d6d94663b8943dd3d0497de3e508648ba38e14b6cd0449ba9611dd,22,b5300102cb54ee6768a531c9ba7e1a88e38177c58f0a39b6ac752857356f3116,21,True,True
frozen_lake,6,4,20,2,0.1,0.1,0.30779350562554625,0.0,1.0,updated,804122f02d402eeac65373af11c80f5dec5c9ffff1c6953d80a3b2b6c7a46df4,22,b5300102cb54ee6768a531c9ba7e1a88e38177c58f0a39b6ac752857356f3116,21,True,True
frozen_lake,6,5,20,7,0.35,0.35,0.4893604849295929,0.0,1.0,updated,7d7afc79e2330e8dd739ff7bb94ee765d797b99c0669f5810c03691e929fa64f,22,b5300102cb54ee6768a531c9ba7e1a88e38177c58f0a39b6ac752857356f3116,21,True,True
frozen_lake,6,6,20,6,0.3,0.3,0.47016234598162726,0.0,1.0,updated,ae1d3ee53bdcd5153dbbbfc30ccc88d2d3dd5d237805c43cdc2f590bf335e7d9,23,b5300102cb54ee6768a531c9ba7e1a88e38177c58f0a39b6ac752857356f3116,21,True,True
frozen_lake,6,7,20,5,0.25,0.25,0.44426165831931924,0.0,1.0,updated,198c107de9e4a91a307bbf09d7d43a8903e845b6704269082bca52f4c3e58c81,22,b5300102cb54ee6768a531c9ba7e1a88e38177c58f0a39b6ac752857356f3116,21,True,True
frozen_lake,6,8,20,6,0.3,0.3,0.47016234598162726,0.0,1.0,updated,0637a4ea25248ba145cf6e2b2b47102c8ab4b712f397cc5f2adeb7caa9b53833,22,b5300102cb54ee6768a531c9ba7e1a88e38177c58f0a39b6ac752857356f3116,21,True,True
frozen_lake,10,1,20,3,0.15,0.15,0.36634754853252327,0.0,1.0,original,45685bd10eaefa192b5a6e80d6768e09b867c0dfd8fcc954d933e37593fbf5ca,21,45685bd10eaefa192b5a6e80d6768e09b867c0dfd8fcc954d933e37593fbf5ca,21,True,True
frozen_lake,10,2,20,2,0.1,0.1,0.30779350562554625,0.0,1.0,original,45685bd10eaefa192b5a6e80d6768e09b867c0dfd8fcc954d933e37593fbf5ca,21,45685bd10eaefa192b5a6e80d6768e09b867c0dfd8fcc954d933e37593fbf5ca,21,True,True
frozen_lake,10,3,20,4,0.2,0.2,0.41039134083406165,0.0,1.0,original,45685bd10eaefa192b5a6e80d6768e09b867c0dfd8fcc954d933e37593fbf5ca,21,45685bd10eaefa192b5a6e80d6768e09b867c0dfd8fcc954d933e37593fbf5ca,21,True,True
frozen_lake,10,4,20,6,0.3,0.3,0.47016234598162726,0.0,1.0,original,45685bd10eaefa192b5a6e80d6768e09b867c0dfd8fcc954d933e37593fbf5ca,21,45685bd10eaefa192b5a6e80d6768e09b867c0dfd8fcc954d933e37593fbf5ca,21,True,True
frozen_lake,10,5,20,5,0.25,0.25,0.44426165831931924,0.0,1.0,original,45685bd10eaefa192b5a6e80d6768e09b867c0dfd8fcc954d933e37593fbf5ca,21,45685bd10eaefa192b5a6e80d6768e09b867c0dfd8fcc954d933e37593fbf5ca,21,True,True
frozen_lake,10,6,20,5,0.25,0.25,0.44426165831931924,0.0,1.0,original,45685bd10eaefa192b5a6e80d6768e09b867c0dfd8fcc954d933e37593fbf5ca,21,45685bd10eaefa192b5a6e80d6768e09b867c0dfd8fcc954d933e37593fbf5ca,21,True,True
frozen_lake,10,7,20,4,0.2,0.2,0.41039134083406165,0.0,1.0,original,45685bd10eaefa192b5a6e80d6768e09b867c0dfd8fcc954d933e37593fbf5ca,21,45685bd10eaefa192b5a6e80d6768e09b867c0dfd8fcc954d933e37593fbf5ca,21,True,True
frozen_lake,10,8,20,5,0.25,0.25,0.44426165831931924,0.0,1.0,original,45685bd10eaefa192b5a6e80d6768e09b867c0dfd8fcc954d933e37593fbf5ca,21,45685bd10eaefa192b5a6e80d6768e09b867c0dfd8fcc954d933e37593fbf5ca,21,True,True
frozen_lake,10,1,20,5,0.25,0.25,0.44426165831931924,0.0,1.0,updated,dc94b5dff8b0867b1308f1249cedaa8f3041141222c813035af944f9ae9bce08,21,45685bd10eaefa192b5a6e80d6768e09b867c0dfd8fcc954d933e37593fbf5ca,21,True,True
frozen_lake,10,2,20,4,0.2,0.2,0.41039134083406165,0.0,1.0,updated,130d28d22abb9b81bca49dc1db2e11a0d324e8c585476ca3a2b9bfb95bc738d1,21,45685bd10eaefa192b5a6e80d6768e09b867c0dfd8fcc954d933e37593fbf5ca,21,True,True
frozen_lake,10,3,20,5,0.25,0.25,0.44426165831931924,0.0,1.0,updated,d95e077c9c1cc506e3cc6f33fb794973b30f05fa984cf38c7304ebd71af5f941,22,45685bd10eaefa192b5a6e80d6768e09b867c0dfd8fcc954d933e37593fbf5ca,21,True,True
frozen_lake,10,4,20,5,0.25,0.25,0.44426165831931924,0.0,1.0,updated,3fc35986f1de4a2907668bd2c19fc166c17cf27bacc10bfa25fd019b7e5e6d86,22,45685bd10eaefa192b5a6e80d6768e09b867c0dfd8fcc954d933e37593fbf5ca,21,True,True
frozen_lake,10,5,20,3,0.15,0.15,0.36634754853252327,0.0,1.0,updated,51c557096d071f5782c8a28cc5707e8c0b57f1af142fb9c6bc0e012841264cdb,22,45685bd10eaefa192b5a6e80d6768e09b867c0dfd8fcc954d933e37593fbf5ca,21,True,True
frozen_lake,10,6,20,4,0.2,0.2,0.41039134083406165,0.0,1.0,updated,d106cbc37db9535c46e61a84b531ab68b0f707dde38ba47903c40e02038c2086,21,45685bd10eaefa192b5a6e80d6768e09b867c0dfd8fcc954d933e37593fbf5ca,21,True,True
frozen_lake,10,7,20,6,0.3,0.3,0.47016234598162726,0.0,1.0,updated,6725609f6b426600384735b20db191b0acfa50be555184df071c73f8609303d3,21,45685bd10eaefa192b5a6e80d6768e09b867c0dfd8fcc954d933e37593fbf5ca,21,True,True
frozen_lake,10,8,20,4,0.2,0.2,0.41039134083406165,0.0,1.0,updated,e7c474f63e35db916a09ae1bc511468da6e89b4b933a3a2424c59720701bfb40,22,45685bd10eaefa192b5a6e80d6768e09b867c0dfd8fcc954d933e37593fbf5ca,21,True,True
frozen_lake,14,1,20,5,0.25,0.25,0.44426165831931924,0.0,1.0,original,b42b9c78c9b9688231100a9ee56f3d705db6f467f01cb979cedccd22665b6f38,16,b42b9c78c9b9688231100a9ee56f3d705db6f467f01cb979cedccd22665b6f38,16,True,True
frozen_lake,14,2,20,5,0.25,0.25,0.44426165831931924,0.0,1.0,original,b42b9c78c9b9688231100a9ee56f3d705db6f467f01cb979cedccd22665b6f38,16,b42b9c78c9b9688231100a9ee56f3d705db6f467f01cb979cedccd22665b6f38,16,True,True
frozen_lake,14,3,20,4,0.2,0.2,0.41039134083406165,0.0,1.0,original,b42b9c78c9b9688231100a9ee56f3d705db6f467f01cb979cedccd22665b6f38,16,b42b9c78c9b9688231100a9ee56f3d705db6f467f01cb979cedccd22665b6f38,16,True,True
frozen_lake,14,4,20,4,0.2,0.2,0.41039134083406165,0.0,1.0,original,b42b9c78c9b9688231100a9ee56f3d705db6f467f01cb979cedccd22665b6f38,16,b42b9c78c9b9688231100a9ee56f3d705db6f467f01cb979cedccd22665b6f38,16,True,True
frozen_lake,14,5,20,4,0.2,0.2,0.41039134083406165,0.0,1.0,original,b42b9c78c9b9688231100a9ee56f3d705db6f467f01cb979cedccd22665b6f38,16,b42b9c78c9b9688231100a9ee56f3d705db6f467f01cb979cedccd22665b6f38,16,True,True
frozen_lake,14,6,20,4,0.2,0.2,0.41039134083406165,0.0,1.0,original,b42b9c78c9b9688231100a9ee56f3d705db6f467f01cb979cedccd22665b6f38,16,b42b9c78c9b9688231100a9ee56f3d705db6f467f01cb979cedccd22665b6f38,16,True,True
frozen_lake,14,7,20,5,0.25,0.25,0.44426165831931924,0.0,1.0,original,b42b9c78c9b9688231100a9ee56f3d705db6f467f01cb979cedccd22665b6f38,16,b42b9c78c9b9688231100a9ee56f3d705db6f467f01cb979cedccd22665b6f38,16,True,True
frozen_lake,14,8,20,6,0.3,0.3,0.47016234598162726,0.0,1.0,original,b42b9c78c9b9688231100a9ee56f3d705db6f467f01cb979cedccd22665b6f38,16,b42b9c78c9b9688231100a9ee56f3d705db6f467f01cb979cedccd22665b6f38,16,True,True
frozen_lake,14,1,20,5,0.25,0.25,0.44426165831931924,0.0,1.0,updated,5af8adf892d82e90c91a40b34118e8a8399a053845da88ea9c3a9a3bac402371,17,b42b9c78c9b9688231100a9ee56f3d705db6f467f01cb979cedccd22665b6f38,16,True,True
frozen_lake,14,2,20,0,0.0,0.0,0.0,0.0,0.0,updated,034231a3a826c045c56a7701fe39fc4a5393d2a90f7c2844112e486cb5cd88fc,17,b42b9c78c9b9688231100a9ee56f3d705db6f467f01cb979cedccd22665b6f38,16,True,True
frozen_lake,14,3,20,8,0.4,0.4,0.5026246899500346,0.0,1.0,updated,b42b9c78c9b9688231100a9ee56f3d705db6f467f01cb979cedccd22665b6f38,16,b42b9c78c9b9688231100a9ee56f3d705db6f467f01cb979cedccd22665b6f38,16,True,True
frozen_lake,14,4,20,4,0.2,0.2,0.41039134083406165,0.0,1.0,updated,e3ff46455192a560cc0be3e5f2aa11f266676d351d5ade71b5e017e422150fc1,17,b42b9c78c9b9688231100a9ee56f3d705db6f467f01cb979cedccd22665b6f38,16,True,True
frozen_lake,14,5,20,9,0.45,0.45,0.5104177855340404,0.0,1.0,updated,ca13fd4a3b542671fe0372df18847a65b3620440c38ead74db6754ec92cd4578,17,b42b9c78c9b9688231100a9ee56f3d705db6f467f01cb979cedccd22665b6f38,16,True,True
frozen_lake,14,6,20,3,0.15,0.15,0.36634754853252327,0.0,1.0,updated,9abaf8986c0617cac6a84fe8d3e698e48d1614e1602378e52a16c61caf9db0af,17,b42b9c78c9b9688231100a9ee56f3d705db6f467f01cb979cedccd22665b6f38,16,True,True
frozen_lake,14,7,20,0,0.0,0.0,0.0,0.0,0.0,updated,52ed4cbb046786af64ac30b7d0fb960f2b822924351edc5eb57de109cfa0033b,17,b42b9c78c9b9688231100a9ee56f3d705db6f467f01cb979cedccd22665b6f38,16,True,True
frozen_lake,14,8,20,6,0.3,0.3,0.47016234598162726,0.0,1.0,updated,10d7c1d8f7508317ebff2749819b050ab50ba36fc82fc47daeb60016907976cd,17,b42b9c78c9b9688231100a9ee56f3d705db6f467f01cb979cedccd22665b6f38,16,True,True
frozen_lake,18,1,20,6,0.3,0.3,0.47016234598162726,0.0,1.0,original,44c0c3aff83d38d802b40bb7b6414b6b9b45a66fa3a48ca4b8ca69649f53993b,20,44c0c3aff83d38d802b40bb7b6414b6b9b45a66fa3a48ca4b8ca69649f53993b,20,True,True
frozen_lake,18,2,20,6,0.3,0.3,0.47016234598162726,0.0,1.0,original,44c0c3aff83d38d802b40bb7b6414b6b9b45a66fa3a48ca4b8ca69649f53993b,20,44c0c3aff83d38d802b40bb7b6414b6b9b45a66fa3a48ca4b8ca69649f53993b,20,True,True
frozen_lake,18,3,20,4,0.2,0.2,0.41039134083406165,0.0,1.0,original,44c0c3aff83d38d802b40bb7b6414b6b9b45a66fa3a48ca4b8ca69649f53993b,20,44c0c3aff83d38d802b40bb7b6414b6b9b45a66fa3a48ca4b8ca69649f53993b,20,True,True
frozen_lake,18,4,20,4,0.2,0.2,0.41039134083406165,0.0,1.0,original,44c0c3aff83d38d802b40bb7b6414b6b9b45a66fa3a48ca4b8ca69649f53993b,20,44c0c3aff83d38d802b40bb7b6414b6b9b45a66fa3a48ca4b8ca69649f53993b,20,True,True
frozen_lake,18,5,20,4,0.2,0.2,0.41039134083406165,0.0,1.0,original,44c0c3aff83d38d802b40bb7b6414b6b9b45a66fa3a48ca4b8ca69649f53993b,20,44c0c3aff83d38d802b40bb7b6414b6b9b45a66fa3a48ca4b8ca69649f53993b,20,True,True
frozen_lake,18,6,20,4,0.2,0.2,0.41039134083406165,0.0,1.0,original,44c0c3aff83d38d802b40bb7b6414b6b9b45a66fa3a48ca4b8ca69649f53993b,20,44c0c3aff83d38d802b40bb7b6414b6b9b45a66fa3a48ca4b8ca69649f53993b,20,True,True
frozen_lake,18,7,20,5,0.25,0.25,0.44426165831931924,0.0,1.0,original,44c0c3aff83d38d802b40bb7b6414b6b9b45a66fa3a48ca4b8ca69649f53993b,20,44c0c3aff83d38d802b40bb7b6414b6b9b45a66fa3a48ca4b8ca69649f53993b,20,True,True
frozen_lake,18,8,20,4,0.2,0.2,0.41039134083406165,0.0,1.0,original,44c0c3aff83d38d802b40bb7b6414b6b9b45a66fa3a48ca4b8ca69649f53993b,20,44c0c3aff83d38d802b40bb7b6414b6b9b45a66fa3a48ca4b8ca69649f53993b,20,True,True
frozen_lake,18,1,20,2,0.1,0.1,0.30779350562554625,0.0,1.0,updated,c2ffd5457a5489016f635d748f3f9bc23e2ff5afa6726a1e14f61ef7fcb9803b,19,44c0c3aff83d38d802b40bb7b6414b6b9b45a66fa3a48ca4b8ca69649f53993b,20,True,True
frozen_lake,18,2,20,4,0.2,0.2,0.41039134083406165,0.0,1.0,updated,44c0c3aff83d38d802b40bb7b6414b6b9b45a66fa3a48ca4b8ca69649f53993b,20,44c0c3aff83d38d802b40bb7b6414b6b9b45a66fa3a48ca4b8ca69649f53993b,20,True,True
frozen_lake,18,3,20,3,0.15,0.15,0.36634754853252327,0.0,1.0,updated,bde737bba9ae489c6b63b8227c27417e397207b80e4e213db501878586f297c8,15,44c0c3aff83d38d802b40bb7b6414b6b9b45a66fa3a48ca4b8ca69649f53993b,20,True,True
frozen_lake,18,4,20,6,0.3,0.3,0.47016234598162726,0.0,1.0,updated,44c0c3aff83d38d802b40bb7b6414b6b9b45a66fa3a48ca4b8ca69649f53993b,20,44c0c3aff83d38d802b40bb7b6414b6b9b45a66fa3a48ca4b8ca69649f53993b,20,True,True
frozen_lake,18,5,20,5,0.25,0.25,0.44426165831931924,0.0,1.0,updated,44c0c3aff83d38d802b40bb7b6414b6b9b45a66fa3a48ca4b8ca69649f53993b,20,44c0c3aff83d38d802b40bb7b6414b6b9b45a66fa3a48ca4b8ca69649f53993b,20,True,True
frozen_lake,18,6,20,5,0.25,0.25,0.44426165831931924,0.0,1.0,updated,44c0c3aff83d38d802b40bb7b6414b6b9b45a66fa3a48ca4b8ca69649f53993b,20,44c0c3aff83d38d802b40bb7b6414b6b9b45a66fa3a48ca4b8ca69649f53993b,20,True,True
frozen_lake,18,7,20,4,0.2,0.2,0.41039134083406165,0.0,1.0,updated,44c0c3aff83d38d802b40bb7b6414b6b9b45a66fa3a48ca4b8ca69649f53993b,20,44c0c3aff83d38d802b40bb7b6414b6b9b45a66fa3a48ca4b8ca69649f53993b,20,True,True
frozen_lake,18,8,20,6,0.3,0.3,0.47016234598162726,0.0,1.0,updated,f3064210b68bae5ea263ce821264d39231b528a0523635b2960d7fef417a74fb,19,44c0c3aff83d38d802b40bb7b6414b6b9b45a66fa3a48ca4b8ca69649f53993b,20,True,True
frozen_lake,22,1,20,5,0.25,0.25,0.44426165831931924,0.0,1.0,original,9855688646d13f59545a6dc8954d64cf178e0ffe8339cb269cb12cffebea8960,21,9855688646d13f59545a6dc8954d64cf178e0ffe8339cb269cb12cffebea8960,21,True,True
frozen_lake,22,2,20,4,0.2,0.2,0.41039134083406165,0.0,1.0,original,9855688646d13f59545a6dc8954d64cf178e0ffe8339cb269cb12cffebea8960,21,9855688646d13f59545a6dc8954d64cf178e0ffe8339cb269cb12cffebea8960,21,True,True
frozen_lake,22,3,20,4,0.2,0.2,0.41039134083406165,0.0,1.0,original,9855688646d13f59545a6dc8954d64cf178e0ffe8339cb269cb12cffebea8960,21,9855688646d13f59545a6dc8954d64cf178e0ffe8339cb269cb12cffebea8960,21,True,True
frozen_lake,22,4,20,4,0.2,0.2,0.41039134083406165,0.0,1.0,original,9855688646d13f59545a6dc8954d64cf178e0ffe8339cb269cb12cffebea8960,21,9855688646d13f59545a6dc8954d64cf178e0ffe8339cb269cb12cffebea8960,21,True,True
frozen_lake,22,5,20,4,0.2,0.2,0.41039134083406165,0.0,1.0,original,9855688646d13f59545a6dc8954d64cf178e0ffe8339cb269cb12cffebea8960,21,9855688646d13f59545a6dc8954d64cf178e0ffe8339cb269cb12cffebea8960,21,True,True
frozen_lake,22,6,20,4,0.2,0.2,0.41039134083406165,0.0,1.0,original,9855688646d13f59545a6dc8954d64cf178e0ffe8339cb269cb12cffebea8960,21,9855688646d13f59545a6dc8954d64cf178e0ffe8339cb269cb12cffebea8960,21,True,True
frozen_lake,22,7,20,3,0.15,0.15,0.36634754853252327,0.0,1.0,original,9855688646d13f59545a6dc8954d64cf178e0ffe8339cb269cb12cffebea8960,21,9855688646d13f59545a6dc8954d64cf178e0ffe8339cb269cb12cffebea8960,21,True,True
frozen_lake,22,8,20,5,0.25,0.25,0.44426165831931924,0.0,1.0,original,9855688646d13f59545a6dc8954d64cf178e0ffe8339cb269cb12cffebea8960,21,9855688646d13f59545a6dc8954d64cf178e0ffe8339cb269cb12cffebea8960,21,True,True
frozen_lake,22,1,20,5,0.25,0.25,0.44426165831931924,0.0,1.0,updated,4f5d1dc32855eeb0589c2a828dfba3f97691b1454e7002d333d7001dca35b538,20,9855688646d13f59545a6dc8954d64cf178e0ffe8339cb269cb12cffebea8960,21,True,True
frozen_lake,22,2,20,4,0.2,0.2,0.41039134083406165,0.0,1.0,updated,4f5d1dc32855eeb0589c2a828dfba3f97691b1454e7002d333d7001dca35b538,20,9855688646d13f59545a6dc8954d64cf178e0ffe8339cb269cb12cffebea8960,21,True,True
frozen_lake,22,3,20,3,0.15,0.15,0.36634754853252327,0.0,1.0,updated,b48cb9fd5662aed67de941029cf5df3791fed63fe04123d213abbfa57fb99e5c,20,9855688646d13f59545a6dc8954d64cf178e0ffe8339cb269cb12cffebea8960,21,True,True
frozen_lake,22,4,20,5,0.25,0.25,0.44426165831931924,0.0,1.0,updated,f1c9d2baf58f6e6dbabc22b0dc4f115bd1b715bc87287fc843c26148e4dd177a,19,9855688646d13f59545a6dc8954d64cf178e0ffe8339cb269cb12cffebea8960,21,True,True
frozen_lake,22,5,20,7,0.35,0.35,0.4893604849295929,0.0,1.0,updated,9cb9fa2a5a66eab376ec0009834f0cec21dbcd53c04b3de2cf659e6f918d3f2c,20,9855688646d13f59545a6dc8954d64cf178e0ffe8339cb269cb12cffebea8960,21,True,True
frozen_lake,22,6,20,7,0.35,0.35,0.4893604849295929,0.0,1.0,updated,4f5d1dc32855eeb0589c2a828dfba3f97691b1454e7002d333d7001dca35b538,20,9855688646d13f59545a6dc8954d64cf178e0ffe8339cb269cb12cffebea8960,21,True,True
frozen_lake,22,7,20,5,0.25,0.25,0.44426165831931924,0.0,1.0,updated,4f5d1dc32855eeb0589c2a828dfba3f97691b1454e7002d333d7001dca35b538,20,9855688646d13f59545a6dc8954d64cf178e0ffe8339cb269cb12cffebea8960,21,True,True
frozen_lake,22,8,20,4,0.2,0.2,0.41039134083406165,0.0,1.0,updated,56d5c376b889b7bdc3ff57fd1e0aef743e3999b068e23eaa6a4c35eab0142002,18,9855688646d13f59545a6dc8954d64cf178e0ffe8339cb269cb12cffebea8960,21,True,True
frozen_lake,26,1,20,5,0.25,0.25,0.44426165831931924,0.0,1.0,original,8938fbc9f6d44a06b9fa20c539f42866d3a4ed21a6e211a5f15a8f4d1839e2c0,21,8938fbc9f6d44a06b9fa20c539f42866d3a4ed21a6e211a5f15a8f4d1839e2c0,21,True,True
frozen_lake,26,2,20,4,0.2,0.2,0.41039134083406165,0.0,1.0,original,8938fbc9f6d44a06b9fa20c539f42866d3a4ed21a6e211a5f15a8f4d1839e2c0,21,8938fbc9f6d44a06b9fa20c539f42866d3a4ed21a6e211a5f15a8f4d1839e2c0,21,True,True
frozen_lake,26,3,20,4,0.2,0.2,0.41039134083406165,0.0,1.0,original,8938fbc9f6d44a06b9fa20c539f42866d3a4ed21a6e211a5f15a8f4d1839e2c0,21,8938fbc9f6d44a06b9fa20c539f42866d3a4ed21a6e211a5f15a8f4d1839e2c0,21,True,True
frozen_lake,26,4,20,4,0.2,0.2,0.41039134083406165,0.0,1.0,original,8938fbc9f6d44a06b9fa20c539f42866d3a4ed21a6e211a5f15a8f4d1839e2c0,21,8938fbc9f6d44a06b9fa20c539f42866d3a4ed21a6e211a5f15a8f4d1839e2c0,21,True,True
frozen_lake,26,5,20,4,0.2,0.2,0.41039134083406165,0.0,1.0,original,8938fbc9f6d44a06b9fa20c539f42866d3a4ed21a6e211a5f15a8f4d1839e2c0,21,8938fbc9f6d44a06b9fa20c539f42866d3a4ed21a6e211a5f15a8f4d1839e2c0,21,True,True
frozen_lake,26,6,20,3,0.15,0.15,0.36634754853252327,0.0,1.0,original,8938fbc9f6d44a06b9fa20c539f42866d3a4ed21a6e211a5f15a8f4d1839e2c0,21,8938fbc9f6d44a06b9fa20c539f42866d3a4ed21a6e211a5f15a8f4d1839e2c0,21,True,True
frozen_lake,26,7,20,8,0.4,0.4,0.5026246899500346,0.0,1.0,original,8938fbc9f6d44a06b9fa20c539f42866d3a4ed21a6e211a5f15a8f4d1839e2c0,21,8938fbc9f6d44a06b9fa20c539f42866d3a4ed21a6e211a5f15a8f4d1839e2c0,21,True,True
frozen_lake,26,8,20,5,0.25,0.25,0.44426165831931924,0.0,1.0,original,8938fbc9f6d44a06b9fa20c539f42866d3a4ed21a6e211a5f15a8f4d1839e2c0,21,8938fbc9f6d44a06b9fa20c539f42866d3a4ed21a6e211a5f15a8f4d1839e2c0,21,True,True
frozen_lake,26,1,20,6,0.3,0.3,0.47016234598162726,0.0,1.0,updated,153b67dccf22064cc59337492eeacfad7214f3b0af3eac75f9900ebb13da6137,22,8938fbc9f6d44a06b9fa20c539f42866d3a4ed21a6e211a5f15a8f4d1839e2c0,21,True,True
frozen_lake,26,2,20,3,0.15,0.15,0.36634754853252327,0.0,1.0,updated,692a1d947382051a7e72f7b2ad1191d52370830ebdecee399926c6b2303c1080,22,8938fbc9f6d44a06b9fa20c539f42866d3a4ed21a6e211a5f15a8f4d1839e2c0,21,True,True
frozen_lake,26,3,20,3,0.15,0.15,0.36634754853252327,0.0,1.0,updated,39672779fdb2b8810c2fad186b3e86043bbf97a1dbd73f7e5d673f3528b4c7c1,19,8938fbc9f6d44a06b9fa20c539f42866d3a4ed21a6e211a5f15a8f4d1839e2c0,21,True,True
frozen_lake,26,4,20,6,0.3,0.3,0.47016234598162726,0.0,1.0,updated,c0084130a4b73cb8a8d266dae945dab4e0afa6423dca0d4ee58fdab0e3c7c42d,22,8938fbc9f6d44a06b9fa20c539f42866d3a4ed21a6e211a5f15a8f4d1839e2c0,21,True,True
frozen_lake,26,5,20,5,0.25,0.25,0.44426165831931924,0.0,1.0,updated,8938fbc9f6d44a06b9fa20c539f42866d3a4ed21a6e211a5f15a8f4d1839e2c0,21,8938fbc9f6d44a06b9fa20c539f42866d3a4ed21a6e211a5f15a8f4d1839e2c0,21,True,True
frozen_lake,26,6,20,5,0.25,0.25,0.44426165831931924,0.0,1.0,updated,c371038fdae68b1110273de5d5127799bd68f7afb46518591d29db65c48099e1,22,8938fbc9f6d44a06b9fa20c539f42866d3a4ed21a6e211a5f15a8f4d1839e2c0,21,True,True
frozen_lake,26,7,20,6,0.3,0.3,0.47016234598162726,0.0,1.0,updated,52a7f5c5ab5fd0273bb0fa02032d70344f02806710b31866602b133763ba5371,22,8938fbc9f6d44a06b9fa20c539f42866d3a4ed21a6e211a5f15a8f4d1839e2c0,21,True,True
frozen_lake,26,8,20,1,0.05,0.05,0.22360679774997896,0.0,1.0,updated,86c20e82d8d3e959bb7eb459ef20f0c8716eedb51a50db421b511c5864a414f6,23,8938fbc9f6d44a06b9fa20c539f42866d3a4ed21a6e211a5f15a8f4d1839e2c0,21,True,True
frozen_lake,30,1,20,7,0.35,0.35,0.4893604849295929,0.0,1.0,original,fe8d614fc0781c1d14adb47e89586344b0c7368cd969acd89f69679a1253c637,24,fe8d614fc0781c1d14adb47e89586344b0c7368cd969acd89f69679a1253c637,24,True,True
frozen_lake,30,2,20,6,0.3,0.3,0.47016234598162726,0.0,1.0,original,fe8d614fc0781c1d14adb47e89586344b0c7368cd969acd89f69679a1253c637,24,fe8d614fc0781c1d14adb47e89586344b0c7368cd969acd89f69679a1253c637,24,True,True
frozen_lake,30,3,20,5,0.25,0.25,0.44426165831931924,0.0,1.0,original,fe8d614fc0781c1d14adb47e89586344b0c7368cd969acd89f69679a1253c637,24,fe8d614fc0781c1d14adb47e89586344b0c7368cd969acd89f69679a1253c637,24,True,True
frozen_lake,30,4,20,7,0.35,0.35,0.4893604849295929,0.0,1.0,original,fe8d614fc0781c1d14adb47e89586344b0c7368cd969acd89f69679a1253c637,24,fe8d614fc0781c1d14adb47e89586344b0c7368cd969acd89f69679a1253c637,24,True,True
frozen_lake,30,5,20,4,0.2,0.2,0.41039134083406165,0.0,1.0,original,fe8d614fc0781c1d14adb47e89586344b0c7368cd969acd89f69679a1253c637,24,fe8d614fc0781c1d14adb47e89586344b0c7368cd969acd89f69679a1253c637,24,True,True
frozen_lake,30,6,20,3,0.15,0.15,0.36634754853252327,0.0,1.0,original,fe8d614fc0781c1d14adb47e89586344b0c7368cd969acd89f69679a1253c637,24,fe8d614fc0781c1d14adb47e89586344b0c7368cd969acd89f69679a1253c637,24,True,True
frozen_lake,30,7,20,7,0.35,0.35,0.4893604849295929,0.0,1.0,original,fe8d614fc0781c1d14adb47e89586344b0c7368cd969acd89f69679a1253c637,24,fe8d614fc0781c1d14adb47e89586344b0c7368cd969acd89f69679a1253c637,24,True,True
frozen_lake,30,8,20,3,0.15,0.15,0.36634754853252327,0.0,1.0,original,fe8d614fc0781c1d14adb47e89586344b0c7368cd969acd89f69679a1253c637,24,fe8d614fc0781c1d14adb47e89586344b0c7368cd969acd89f69679a1253c637,24,True,True
frozen_lake,30,1,20,4,0.2,0.2,0.41039134083406165,0.0,1.0,updated,02cc804ab4627775680f7d662711cb185d536530e433fe1875eb43d401c82ad6,24,fe8d614fc0781c1d14adb47e89586344b0c7368cd969acd89f69679a1253c637,24,True,True
frozen_lake,30,2,20,6,0.3,0.3,0.47016234598162726,0.0,1.0,updated,d3c012129a49046eef4eafef2f2c05d05f2d32380cf4f77035a2e33d39dfe8dd,25,fe8d614fc0781c1d14adb47e89586344b0c7368cd969acd89f69679a1253c637,24,True,True
frozen_lake,30,3,20,5,0.25,0.25,0.44426165831931924,0.0,1.0,updated,3afaa193207f1a5b089efe1de68d77c3a438ec7bead4286a348d6d29d6a8ee66,24,fe8d614fc0781c1d14adb47e89586344b0c7368cd969acd89f69679a1253c637,24,True,True
frozen_lake,30,4,20,4,0.2,0.2,0.41039134083406165,0.0,1.0,updated,a52b080512ea229aa16b1c007067e1b83e534affb365a3210bdce5797cbd41b2,24,fe8d614fc0781c1d14adb47e89586344b0c7368cd969acd89f69679a1253c637,24,True,True
frozen_lake,30,5,20,8,0.4,0.4,0.5026246899500346,0.0,1.0,updated,fe8d614fc0781c1d14adb47e89586344b0c7368cd969acd89f69679a1253c637,24,fe8d614fc0781c1d14adb47e89586344b0c7368cd969acd89f69679a1253c637,24,True,True
frozen_lake,30,6,20,6,0.3,0.3,0.47016234598162726,0.0,1.0,updated,8beda89b787f3302ab32703fa2901b3ed99a021e0d15cd5c7d37d947e1d89cd6,25,fe8d614fc0781c1d14adb47e89586344b0c7368cd969acd89f69679a1253c637,24,True,True
frozen_lake,30,7,20,5,0.25,0.25,0.44426165831931924,0.0,1.0,updated,fe8d614fc0781c1d14adb47e89586344b0c7368cd969acd89f69679a1253c637,24,fe8d614fc0781c1d14adb47e89586344b0c7368cd969acd89f69679a1253c637,24,True,True
frozen_lake,30,8,20,5,0.25,0.25,0.44426165831931924,0.0,1.0,updated,cf8584554b2ab75dad607fe91f3b326a83889812e2082ca8dc8762bc406cb7af,25,fe8d614fc0781c1d14adb47e89586344b0c7368cd969acd89f69679a1253c637,24,True,True
frozen_lake,34,1,20,5,0.25,0.25,0.44426165831931924,0.0,1.0,original,a43398d4a4e10e83f9102b7f63819a379766981a65d1ebf9ade25ad8970cccff,25,a43398d4a4e10e83f9102b7f63819a379766981a65d1ebf9ade25ad8970cccff,25,True,True
frozen_lake,34,2,20,5,0.25,0.25,0.44426165831931924,0.0,1.0,original,a43398d4a4e10e83f9102b7f63819a379766981a65d1ebf9ade25ad8970cccff,25,a43398d4a4e10e83f9102b7f63819a379766981a65d1ebf9ade25ad8970cccff,25,True,True
frozen_lake,34,3,20,6,0.3,0.3,0.47016234598162726,0.0,1.0,original,a43398d4a4e10e83f9102b7f63819a379766981a65d1ebf9ade25ad8970cccff,25,a43398d4a4e10e83f9102b7f63819a379766981a65d1ebf9ade25ad8970cccff,25,True,True
frozen_lake,34,4,20,7,0.35,0.35,0.4893604849295929,0.0,1.0,original,a43398d4a4e10e83f9102b7f63819a379766981a65d1ebf9ade25ad8970cccff,25,a43398d4a4e10e83f9102b7f63819a379766981a65d1ebf9ade25ad8970cccff,25,True,True
frozen_lake,34,5,20,4,0.2,0.2,0.41039134083406165,0.0,1.0,original,a43398d4a4e10e83f9102b7f63819a379766981a65d1ebf9ade25ad8970cccff,25,a43398d4a4e10e83f9102b7f63819a379766981a65d1ebf9ade25ad8970cccff,25,True,True
frozen_lake,34,6,20,6,0.3,0.3,0.47016234598162726,0.0,1.0,original,a43398d4a4e10e83f9102b7f63819a379766981a65d1ebf9ade25ad8970cccff,25,a43398d4a4e10e83f9102b7f63819a379766981a65d1ebf9ade25ad8970cccff,25,True,True
frozen_lake,34,7,20,6,0.3,0.3,0.47016234598162726,0.0,1.0,original,a43398d4a4e10e83f9102b7f63819a379766981a65d1ebf9ade25ad8970cccff,25,a43398d4a4e10e83f9102b7f63819a379766981a65d1ebf9ade25ad8970cccff,25,True,True
frozen_lake,34,8,20,7,0.35,0.35,0.4893604849295929,0.0,1.0,original,a43398d4a4e10e83f9102b7f63819a379766981a65d1ebf9ade25ad8970cccff,25,a43398d4a4e10e83f9102b7f63819a379766981a65d1ebf9ade25ad8970cccff,25,True,True
frozen_lake,34,1,20,6,0.3,0.3,0.47016234598162726,0.0,1.0,updated,ae60b60d8acbfbdc173624df9365ceed10225a98453e4c150b58a917dc8f44fe,26,a43398d4a4e10e83f9102b7f63819a379766981a65d1ebf9ade25ad8970cccff,25,True,True
frozen_lake,34,2,20,6,0.3,0.3,0.47016234598162726,0.0,1.0,updated,1c4039f0b4dadfe7a33215c538a3bc02e11d3744cd87cb220dc4e5db35eaad3c,25,a43398d4a4e10e83f9102b7f63819a379766981a65d1ebf9ade25ad8970cccff,25,True,True
frozen_lake,34,3,20,4,0.2,0.2,0.41039134083406165,0.0,1.0,updated,88fe9587c4f90a3c5ee79d3b659232fc1100724ec9301193d2363a5b32c3084f,25,a43398d4a4e10e83f9102b7f63819a379766981a65d1ebf9ade25ad8970cccff,25,True,True
frozen_lake,34,4,20,5,0.25,0.25,0.44426165831931924,0.0,1.0,updated,a43398d4a4e10e83f9102b7f63819a379766981a65d1ebf9ade25ad8970cccff,25,a43398d4a4e10e83f9102b7f63819a379766981a65d1ebf9ade25ad8970cccff,25,True,True
frozen_lake,34,5,20,7,0.35,0.35,0.4893604849295929,0.0,1.0,updated,9c6de456d91d28ec31bcbb50901f54b14089132d277ded331377314d49480c0f,26,a43398d4a4e10e83f9102b7f63819a379766981a65d1ebf9ade25ad8970cccff,25,True,True
frozen_lake,34,6,20,5,0.25,0.25,0.44426165831931924,0.0,1.0,updated,eba744dc1caf858693a6185c54090b16441946fc91af27665ae56cfa0c4b55f9,26,a43398d4a4e10e83f9102b7f63819a379766981a65d1ebf9ade25ad8970cccff,25,True,True
frozen_lake,34,7,20,4,0.2,0.2,0.41039134083406165,0.0,1.0,updated,a43398d4a4e10e83f9102b7f63819a379766981a65d1ebf9ade25ad8970cccff,25,a43398d4a4e10e83f9102b7f63819a379766981a65d1ebf9ade25ad8970cccff,25,True,True
frozen_lake,34,8,20,5,0.25,0.25,0.44426165831931924,0.0,1.0,updated,d7319bfbce59607309694c4acdbec13a7c01af7cfc7cb8ff6f5f6895b20be31a,25,a43398d4a4e10e83f9102b7f63819a379766981a65d1ebf9ade25ad8970cccff,25,True,True
frozen_lake,38,1,20,5,0.25,0.25,0.44426165831931924,0.0,1.0,original,138fecb6c7f9315b311d4d8c79e98303cf6255c169ac43f88e64e2cd8536442b,24,138fecb6c7f9315b311d4d8c79e98303cf6255c169ac43f88e64e2cd8536442b,24,True,True
frozen_lake,38,2,20,4,0.2,0.2,0.41039134083406165,0.0,1.0,original,138fecb6c7f9315b311d4d8c79e98303cf6255c169ac43f88e64e2cd8536442b,24,138fecb6c7f9315b311d4d8c79e98303cf6255c169ac43f88e64e2cd8536442b,24,True,True
frozen_lake,38,3,20,5,0.25,0.25,0.44426165831931924,0.0,1.0,original,138fecb6c7f9315b311d4d8c79e98303cf6255c169ac43f88e64e2cd8536442b,24,138fecb6c7f9315b311d4d8c79e98303cf6255c169ac43f88e64e2cd8536442b,24,True,True
frozen_lake,38,4,20,6,0.3,0.3,0.47016234598162726,0.0,1.0,original,138fecb6c7f9315b311d4d8c79e98303cf6255c169ac43f88e64e2cd8536442b,24,138fecb6c7f9315b311d4d8c79e98303cf6255c169ac43f88e64e2cd8536442b,24,True,True
frozen_lake,38,5,20,6,0.3,0.3,0.47016234598162726,0.0,1.0,original,138fecb6c7f9315b311d4d8c79e98303cf6255c169ac43f88e64e2cd8536442b,24,138fecb6c7f9315b311d4d8c79e98303cf6255c169ac43f88e64e2cd8536442b,24,True,True
frozen_lake,38,6,20,7,0.35,0.35,0.4893604849295929,0.0,1.0,original,138fecb6c7f9315b311d4d8c79e98303cf6255c169ac43f88e64e2cd8536442b,24,138fecb6c7f9315b311d4d8c79e98303cf6255c169ac43f88e64e2cd8536442b,24,True,True
frozen_lake,38,7,20,6,0.3,0.3,0.47016234598162726,0.0,1.0,original,138fecb6c7f9315b311d4d8c79e98303cf6255c169ac43f88e64e2cd8536442b,24,138fecb6c7f9315b311d4d8c79e98303cf6255c169ac43f88e64e2cd8536442b,24,True,True
frozen_lake,38,8,20,5,0.25,0.25,0.44426165831931924,0.0,1.0,original,138fecb6c7f9315b311d4d8c79e98303cf6255c169ac43f88e64e2cd8536442b,24,138fecb6c7f9315b311d4d8c79e98303cf6255c169ac43f88e64e2cd8536442b,24,True,True
frozen_lake,38,1,20,4,0.2,0.2,0.41039134083406165,0.0,1.0,updated,b8ea7d764964965bb37371df2d51b49efbf41452924ea3317ac872ca3ccfb175,25,138fecb6c7f9315b311d4d8c79e98303cf6255c169ac43f88e64e2cd8536442b,24,True,True
frozen_lake,38,2,20,4,0.2,0.2,0.41039134083406165,0.0,1.0,updated,138fecb6c7f9315b311d4d8c79e98303cf6255c169ac43f88e64e2cd8536442b,24,138fecb6c7f9315b311d4d8c79e98303cf6255c169ac43f88e64e2cd8536442b,24,True,True
frozen_lake,38,3,20,4,0.2,0.2,0.41039134083406165,0.0,1.0,updated,e51ad2937654aacd0ec67d2fcabb3758fca983c1df8a4a3347579a3ca7a7e2f8,25,138fecb6c7f9315b311d4d8c79e98303cf6255c169ac43f88e64e2cd8536442b,24,True,True
frozen_lake,38,4,20,6,0.3,0.3,0.47016234598162726,0.0,1.0,updated,138fecb6c7f9315b311d4d8c79e98303cf6255c169ac43f88e64e2cd8536442b,24,138fecb6c7f9315b311d4d8c79e98303cf6255c169ac43f88e64e2cd8536442b,24,True,True
frozen_lake,38,5,20,5,0.25,0.25,0.44426165831931924,0.0,1.0,updated,7d7fa52635933de976a3e9505933c8167109d0264e4ada091de2ad21357fdff9,25,138fecb6c7f9315b311d4d8c79e98303cf6255c169ac43f88e64e2cd8536442b,24,True,True
frozen_lake,38,6,20,6,0.3,0.3,0.47016234598162726,0.0,1.0,updated,d2af73a3013520fbaf620a77faee025093f654cfa656c64d81ef41bb9869e984,25,138fecb6c7f9315b311d4d8c79e98303cf6255c169ac43f88e64e2cd8536442b,24,True,True
frozen_lake,38,7,20,6,0.3,0.3,0.47016234598162726,0.0,1.0,updated,2418444fe6eb3dfe5d06aa7d6065c3cc2bfb339b8ebf739c9e21565f3609053b,25,138fecb6c7f9315b311d4d8c79e98303cf6255c169ac43f88e64e2cd8536442b,24,True,True
frozen_lake,38,8,20,6,0.3,0.3,0.47016234598162726,0.0,1.0,updated,2287ba44847cdf884ca946cd3bf57bf6daed10abe20f048ea82e4eaf4040ba12,25,138fecb6c7f9315b311d4d8c79e98303cf6255c169ac43f88e64e2cd8536442b,24,True,True
sokoban,2,1,20,6,0.3,0.3,0.47016234598162726,0.0,1.0,original,0e61043d9626e44e976ccfc887a7d3559fce5744e69799100b9533cba51da21b,11,0e61043d9626e44e976ccfc887a7d3559fce5744e69799100b9533cba51da21b,11,True,True
sokoban,2,2,20,5,0.25,0.25,0.44426165831931924,0.0,1.0,original,0e61043d9626e44e976ccfc887a7d3559fce5744e69799100b9533cba51da21b,11,0e61043d9626e44e976ccfc887a7d3559fce5744e69799100b9533cba51da21b,11,True,True
sokoban,2,3,20,9,0.45,0.45,0.5104177855340404,0.0,1.0,original,0e61043d9626e44e976ccfc887a7d3559fce5744e69799100b9533cba51da21b,11,0e61043d9626e44e976ccfc887a7d3559fce5744e69799100b9533cba51da21b,11,True,True
sokoban,2,4,20,9,0.45,0.45,0.5104177855340404,0.0,1.0,original,0e61043d9626e44e976ccfc887a7d3559fce5744e69799100b9533cba51da21b,11,0e61043d9626e44e976ccfc887a7d3559fce5744e69799100b9533cba51da21b,11,True,True
sokoban,2,5,20,4,0.2,0.2,0.41039134083406165,0.0,1.0,original,0e61043d9626e44e976ccfc887a7d3559fce5744e69799100b9533cba51da21b,11,0e61043d9626e44e976ccfc887a7d3559fce5744e69799100b9533cba51da21b,11,True,True
sokoban,2,6,20,6,0.3,0.3,0.47016234598162726,0.0,1.0,original,0e61043d9626e44e976ccfc887a7d3559fce5744e69799100b9533cba51da21b,11,0e61043d9626e44e976ccfc887a7d3559fce5744e69799100b9533cba51da21b,11,True,True
sokoban,2,7,20,8,0.4,0.4,0.5026246899500346,0.0,1.0,original,0e61043d9626e44e976ccfc887a7d3559fce5744e69799100b9533cba51da21b,11,0e61043d9626e44e976ccfc887a7d3559fce5744e69799100b9533cba51da21b,11,True,True
sokoban,2,8,20,9,0.45,0.45,0.5104177855340404,0.0,1.0,original,0e61043d9626e44e976ccfc887a7d3559fce5744e69799100b9533cba51da21b,11,0e61043d9626e44e976ccfc887a7d3559fce5744e69799100b9533cba51da21b,11,True,True
sokoban,2,1,20,6,0.3,0.3,0.47016234598162726,0.0,1.0,updated,0e61043d9626e44e976ccfc887a7d3559fce5744e69799100b9533cba51da21b,11,0e61043d9626e44e976ccfc887a7d3559fce5744e69799100b9533cba51da21b,11,True,True
sokoban,2,2,20,10,0.5,0.5,0.5129891760425771,0.0,1.0,updated,92b90b2ae50f3564f6afb90e565d14886064d5943d8f281b92cd4f92648455a5,17,0e61043d9626e44e976ccfc887a7d3559fce5744e69799100b9533cba51da21b,11,True,True
sokoban,2,3,20,5,0.25,0.25,0.44426165831931924,0.0,1.0,updated,6978ee9ff3195d3eb50bf439156e4a6d72c7d093fd4c7fee88930849fe97de79,13,0e61043d9626e44e976ccfc887a7d3559fce5744e69799100b9533cba51da21b,11,True,True
sokoban,2,4,20,5,0.25,0.25,0.44426165831931924,0.0,1.0,updated,fb0bcaa8b57e5035ad9c48462db0d0a18c4feae67e9bfd4c0641451326063846,15,0e61043d9626e44e976ccfc887a7d3559fce5744e69799100b9533cba51da21b,11,True,True
sokoban,2,5,20,5,0.25,0.25,0.44426165831931924,0.0,1.0,updated,0e61043d9626e44e976ccfc887a7d3559fce5744e69799100b9533cba51da21b,11,0e61043d9626e44e976ccfc887a7d3559fce5744e69799100b9533cba51da21b,11,True,True
sokoban,2,6,20,9,0.45,0.45,0.5104177855340404,0.0,1.0,updated,0e61043d9626e44e976ccfc887a7d3559fce5744e69799100b9533cba51da21b,11,0e61043d9626e44e976ccfc887a7d3559fce5744e69799100b9533cba51da21b,11,True,True
sokoban,2,7,20,13,0.65,0.65,0.4893604849295929,0.0,1.0,updated,e4c5f01e409cb7fd7dd4015d1dd05d6de191535ff5f8aeb8e6aaccdc2e16788b,25,0e61043d9626e44e976ccfc887a7d3559fce5744e69799100b9533cba51da21b,11,True,True
sokoban,2,8,20,6,0.3,0.3,0.47016234598162726,0.0,1.0,updated,ec1f0a69d9b1bfad9e5d209abec4a8a59f41ba3d4efe7d9dcc1ec45947498a05,20,0e61043d9626e44e976ccfc887a7d3559fce5744e69799100b9533cba51da21b,11,True,True
sokoban,6,1,20,7,0.35,0.35,0.4893604849295929,0.0,1.0,original,893d8bdaf1d9e72c17baa8e167c9be6179690a00226a0d8d7604256c5397c20c,19,893d8bdaf1d9e72c17baa8e167c9be6179690a00226a0d8d7604256c5397c20c,19,True,True
sokoban,6,2,20,6,0.3,0.3,0.47016234598162726,0.0,1.0,original,893d8bdaf1d9e72c17baa8e167c9be6179690a00226a0d8d7604256c5397c20c,19,893d8bdaf1d9e72c17baa8e167c9be6179690a00226a0d8d7604256c5397c20c,19,True,True
sokoban,6,3,20,6,0.3,0.3,0.47016234598162726,0.0,1.0,original,893d8bdaf1d9e72c17baa8e167c9be6179690a00226a0d8d7604256c5397c20c,19,893d8bdaf1d9e72c17baa8e167c9be6179690a00226a0d8d7604256c5397c20c,19,True,True
sokoban,6,4,20,10,0.5,0.5,0.5129891760425771,0.0,1.0,original,893d8bdaf1d9e72c17baa8e167c9be6179690a00226a0d8d7604256c5397c20c,19,893d8bdaf1d9e72c17baa8e167c9be6179690a00226a0d8d7604256c5397c20c,19,True,True
sokoban,6,5,20,8,0.4,0.4,0.5026246899500346,0.0,1.0,original,893d8bdaf1d9e72c17baa8e167c9be6179690a00226a0d8d7604256c5397c20c,19,893d8bdaf1d9e72c17baa8e167c9be6179690a00226a0d8d7604256c5397c20c,19,True,True
sokoban,6,6,20,7,0.35,0.35,0.4893604849295929,0.0,1.0,original,893d8bdaf1d9e72c17baa8e167c9be6179690a00226a0d8d7604256c5397c20c,19,893d8bdaf1d9e72c17baa8e167c9be6179690a00226a0d8d7604256c5397c20c,19,True,True
sokoban,6,7,20,7,0.35,0.35,0.4893604849295929,0.0,1.0,original,893d8bdaf1d9e72c17baa8e167c9be6179690a00226a0d8d7604256c5397c20c,19,893d8bdaf1d9e72c17baa8e167c9be6179690a00226a0d8d7604256c5397c20c,19,True,True
sokoban,6,8,20,8,0.4,0.4,0.5026246899500346,0.0,1.0,original,893d8bdaf1d9e72c17baa8e167c9be6179690a00226a0d8d7604256c5397c20c,19,893d8bdaf1d9e72c17baa8e167c9be6179690a00226a0d8d7604256c5397c20c,19,True,True
sokoban,6,1,20,4,0.2,0.2,0.41039134083406165,0.0,1.0,updated,35e9225c2af4078cfe7ab89df9eec76863e1de76872bec37a2a1cf3fb8844e5a,20,893d8bdaf1d9e72c17baa8e167c9be6179690a00226a0d8d7604256c5397c20c,19,True,True
sokoban,6,2,20,4,0.2,0.2,0.41039134083406165,0.0,1.0,updated,5c28a6fcd81fee3990bda533b6acede4a61f6773b856a78d24dd3c533febc34c,20,893d8bdaf1d9e72c17baa8e167c9be6179690a00226a0d8d7604256c5397c20c,19,True,True
sokoban,6,3,20,9,0.45,0.45,0.5104177855340404,0.0,1.0,updated,b4c6018540b1eedcac7ea89d7270250278a78a6f1ce1fe1bf1966ccaca8cc1be,20,893d8bdaf1d9e72c17baa8e167c9be6179690a00226a0d8d7604256c5397c20c,19,True,True
sokoban,6,4,20,9,0.45,0.45,0.5104177855340404,0.0,1.0,updated,c1f7d9072356f3cce42ecafbac51b91e8ac5fafc71007ce31f74d99ff53b6511,20,893d8bdaf1d9e72c17baa8e167c9be6179690a00226a0d8d7604256c5397c20c,19,True,True
sokoban,6,5,20,6,0.3,0.3,0.47016234598162726,0.0,1.0,updated,fde8ede505b18c47f7c56967246daf9c6cf9de78e257741e97e4efc999a758ab,20,893d8bdaf1d9e72c17baa8e167c9be6179690a00226a0d8d7604256c5397c20c,19,True,True
sokoban,6,6,20,7,0.35,0.35,0.4893604849295929,0.0,1.0,updated,cd116489082d02ca2cc5c3b2576b2985be5a7be2244d2e63c68cf802aa87d142,20,893d8bdaf1d9e72c17baa8e167c9be6179690a00226a0d8d7604256c5397c20c,19,True,True
sokoban,6,7,20,5,0.25,0.25,0.44426165831931924,0.0,1.0,updated,296ffb3be2b8998b7f2574966f9ce975570b94006801e503c400d6bbbd05f322,19,893d8bdaf1d9e72c17baa8e167c9be6179690a00226a0d8d7604256c5397c20c,19,True,True
sokoban,6,8,20,5,0.25,0.25,0.44426165831931924,0.0,1.0,updated,dc574329dd17f5d382fe57462384dfb34fd7579fb316f6b0fe5613e61987709e,19,893d8bdaf1d9e72c17baa8e167c9be6179690a00226a0d8d7604256c5397c20c,19,True,True
sokoban,10,1,20,5,0.25,0.25,0.44426165831931924,0.0,1.0,original,49367208399fb014a9e8925662d69ac76bb8a3b2f1a4f3f705d205f1e80f813a,23,49367208399fb014a9e8925662d69ac76bb8a3b2f1a4f3f705d205f1e80f813a,23,True,True
sokoban,10,2,20,7,0.35,0.35,0.4893604849295929,0.0,1.0,original,49367208399fb014a9e8925662d69ac76bb8a3b2f1a4f3f705d205f1e80f813a,23,49367208399fb014a9e8925662d69ac76bb8a3b2f1a4f3f705d205f1e80f813a,23,True,True
sokoban,10,3,20,7,0.35,0.35,0.4893604849295929,0.0,1.0,original,49367208399fb014a9e8925662d69ac76bb8a3b2f1a4f3f705d205f1e80f813a,23,49367208399fb014a9e8925662d69ac76bb8a3b2f1a4f3f705d205f1e80f813a,23,True,True
sokoban,10,4,20,6,0.3,0.3,0.47016234598162726,0.0,1.0,original,49367208399fb014a9e8925662d69ac76bb8a3b2f1a4f3f705d205f1e80f813a,23,49367208399fb014a9e8925662d69ac76bb8a3b2f1a4f3f705d205f1e80f813a,23,True,True
sokoban,10,5,20,7,0.35,0.35,0.4893604849295929,0.0,1.0,original,49367208399fb014a9e8925662d69ac76bb8a3b2f1a4f3f705d205f1e80f813a,23,49367208399fb014a9e8925662d69ac76bb8a3b2f1a4f3f705d205f1e80f813a,23,True,True
sokoban,10,6,20,7,0.35,0.35,0.4893604849295929,0.0,1.0,original,49367208399fb014a9e8925662d69ac76bb8a3b2f1a4f3f705d205f1e80f813a,23,49367208399fb014a9e8925662d69ac76bb8a3b2f1a4f3f705d205f1e80f813a,23,True,True
sokoban,10,7,20,6,0.3,0.3,0.47016234598162726,0.0,1.0,original,49367208399fb014a9e8925662d69ac76bb8a3b2f1a4f3f705d205f1e80f813a,23,49367208399fb014a9e8925662d69ac76bb8a3b2f1a4f3f705d205f1e80f813a,23,True,True
sokoban,10,8,20,7,0.35,0.35,0.4893604849295929,0.0,1.0,original,49367208399fb014a9e8925662d69ac76bb8a3b2f1a4f3f705d205f1e80f813a,23,49367208399fb014a9e8925662d69ac76bb8a3b2f1a4f3f705d205f1e80f813a,23,True,True
sokoban,10,1,20,6,0.3,0.3,0.47016234598162726,0.0,1.0,updated,49377f056c6557119d8bf8f4551e2ce102deb93e84ef6a1892ce46c68d1a1bb4,23,49367208399fb014a9e8925662d69ac76bb8a3b2f1a4f3f705d205f1e80f813a,23,True,True
sokoban,10,2,20,6,0.3,0.3,0.47016234598162726,0.0,1.0,updated,0e748891049c435426cb14cf244b02bf1fb783cefadbc1276a8f1b53a3764ecc,24,49367208399fb014a9e8925662d69ac76bb8a3b2f1a4f3f705d205f1e80f813a,23,True,True
sokoban,10,3,20,5,0.25,0.25,0.44426165831931924,0.0,1.0,updated,ae683b676961df90a5e6d9280bde09885d434d3738fdf3615eed094916eae8c8,23,49367208399fb014a9e8925662d69ac76bb8a3b2f1a4f3f705d205f1e80f813a,23,True,True
sokoban,10,4,20,6,0.3,0.3,0.47016234598162726,0.0,1.0,updated,2ad015efb9e7f03fc58a0556b238696053b5a4d60098b4faa5e158cc53db40da,23,49367208399fb014a9e8925662d69ac76bb8a3b2f1a4f3f705d205f1e80f813a,23,True,True
sokoban,10,5,20,6,0.3,0.3,0.47016234598162726,0.0,1.0,updated,8c121364ecb8537ef5378d020c56e79b3d9d51fb13672b2171356483b3c1392c,24,49367208399fb014a9e8925662d69ac76bb8a3b2f1a4f3f705d205f1e80f813a,23,True,True
sokoban,10,6,20,4,0.2,0.2,0.41039134083406165,0.0,1.0,updated,a611da13618cc93aa8177c9d47d88bf1423399b0e91b0f48b75e41008dd5631c,24,49367208399fb014a9e8925662d69ac76bb8a3b2f1a4f3f705d205f1e80f813a,23,True,True
sokoban,10,7,20,7,0.35,0.35,0.4893604849295929,0.0,1.0,updated,cddc4795a41b6fa81b3a66871f23427a3e804eb46defec0e26f298276163c0e3,24,49367208399fb014a9e8925662d69ac76bb8a3b2f1a4f3f705d205f1e80f813a,23,True,True
sokoban,10,8,20,5,0.25,0.25,0.44426165831931924,0.0,1.0,updated,58f4a63e46f074c31c49ac03a0793a325170d52434e525bc3c1f7ee0b740d472,24,49367208399fb014a9e8925662d69ac76bb8a3b2f1a4f3f705d205f1e80f813a,23,True,True
sokoban,14,1,20,5,0.25,0.25,0.44426165831931924,0.0,1.0,original,f1c02f3901c9ca587690eb0556e9f4e2d8aba9b388824591dd7b2d7f5b58e7b5,19,f1c02f3901c9ca587690eb0556e9f4e2d8aba9b388824591dd7b2d7f5b58e7b5,19,True,True
sokoban,14,2,20,7,0.35,0.35,0.4893604849295929,0.0,1.0,original,f1c02f3901c9ca587690eb0556e9f4e2d8aba9b388824591dd7b2d7f5b58e7b5,19,f1c02f3901c9ca587690eb0556e9f4e2d8aba9b388824591dd7b2d7f5b58e7b5,19,True,True
sokoban,14,3,20,6,0.3,0.3,0.47016234598162726,0.0,1.0,original,f1c02f3901c9ca587690eb0556e9f4e2d8aba9b388824591dd7b2d7f5b58e7b5,19,f1c02f3901c9ca587690eb0556e9f4e2d8aba9b388824591dd7b2d7f5b58e7b5,19,True,True
sokoban,14,4,20,8,0.4,0.4,0.5026246899500346,0.0,1.0,original,f1c02f3901c9ca587690eb0556e9f4e2d8aba9b388824591dd7b2d7f5b58e7b5,19,f1c02f3901c9ca587690eb0556e9f4e2d8aba9b388824591dd7b2d7f5b58e7b5,19,True,True
sokoban,14,5,20,6,0.3,0.3,0.47016234598162726,0.0,1.0,original,f1c02f3901c9ca587690eb0556e9f4e2d8aba9b388824591dd7b2d7f5b58e7b5,19,f1c02f3901c9ca587690eb0556e9f4e2d8aba9b388824591dd7b2d7f5b58e7b5,19,True,True
sokoban,14,6,20,6,0.3,0.3,0.47016234598162726,0.0,1.0,original,f1c02f3901c9ca587690eb0556e9f4e2d8aba9b388824591dd7b2d7f5b58e7b5,19,f1c02f3901c9ca587690eb0556e9f4e2d8aba9b388824591dd7b2d7f5b58e7b5,19,True,True
sokoban,14,7,20,5,0.25,0.25,0.44426165831931924,0.0,1.0,original,f1c02f3901c9ca587690eb0556e9f4e2d8aba9b388824591dd7b2d7f5b58e7b5,19,f1c02f3901c9ca587690eb0556e9f4e2d8aba9b388824591dd7b2d7f5b58e7b5,19,True,True
sokoban,14,8,20,7,0.35,0.35,0.4893604849295929,0.0,1.0,original,f1c02f3901c9ca587690eb0556e9f4e2d8aba9b388824591dd7b2d7f5b58e7b5,19,f1c02f3901c9ca587690eb0556e9f4e2d8aba9b388824591dd7b2d7f5b58e7b5,19,True,True
sokoban,14,1,20,7,0.35,0.35,0.4893604849295929,0.0,1.0,updated,0108b6972437872ff3a292ad2c735f81bf82027e54fda6e8b8949c3ebf1f1b41,20,f1c02f3901c9ca587690eb0556e9f4e2d8aba9b388824591dd7b2d7f5b58e7b5,19,True,True
sokoban,14,2,20,6,0.3,0.3,0.47016234598162726,0.0,1.0,updated,2fa405008f05abb0c969c67091730368ffde48dd27f0e9a546b05cb549218ab2,20,f1c02f3901c9ca587690eb0556e9f4e2d8aba9b388824591dd7b2d7f5b58e7b5,19,True,True
sokoban,14,3,20,5,0.25,0.25,0.44426165831931924,0.0,1.0,updated,d14996d6bd047df1d4270ac7ef6106f68f0853cadf434db209a5f4297713de68,20,f1c02f3901c9ca587690eb0556e9f4e2d8aba9b388824591dd7b2d7f5b58e7b5,19,True,True
sokoban,14,4,20,5,0.25,0.25,0.44426165831931924,0.0,1.0,updated,8b8340f7f4695d8b5989fcdf017b697533dad816efc001338e56ffb562d49346,20,f1c02f3901c9ca587690eb0556e9f4e2d8aba9b388824591dd7b2d7f5b58e7b5,19,True,True
sokoban,14,5,20,6,0.3,0.3,0.47016234598162726,0.0,1.0,updated,77d8a02b3896cd3fa3d2cc45c3ef1c1833df4b297c73acf424a04a0e052cefea,20,f1c02f3901c9ca587690eb0556e9f4e2d8aba9b388824591dd7b2d7f5b58e7b5,19,True,True
sokoban,14,6,20,6,0.3,0.3,0.47016234598162726,0.0,1.0,updated,f48478e70d578ca8f2af3811a31789b1d1e897f6721f59f6d6c5a711d5aac721,20,f1c02f3901c9ca587690eb0556e9f4e2d8aba9b388824591dd7b2d7f5b58e7b5,19,True,True
sokoban,14,7,20,4,0.2,0.2,0.41039134083406165,0.0,1.0,updated,7d0fa89148abab83f3da6229e8cfcf0c219cc84e8a5bff7a3321deab87c81c78,20,f1c02f3901c9ca587690eb0556e9f4e2d8aba9b388824591dd7b2d7f5b58e7b5,19,True,True
sokoban,14,8,20,6,0.3,0.3,0.47016234598162726,0.0,1.0,updated,76216fd2161e1d601c746fb239d0924e60b1d430a13117947eb37f07bb7449fb,20,f1c02f3901c9ca587690eb0556e9f4e2d8aba9b388824591dd7b2d7f5b58e7b5,19,True,True
sokoban,18,1,20,10,0.5,0.5,0.5129891760425771,0.0,1.0,original,2b21020f1f8d2715eb449d6a0b8f2ce49e87b207ac51b44e6784bd284b4915b6,19,2b21020f1f8d2715eb449d6a0b8f2ce49e87b207ac51b44e6784bd284b4915b6,19,True,True
sokoban,18,2,20,9,0.45,0.45,0.5104177855340404,0.0,1.0,original,2b21020f1f8d2715eb449d6a0b8f2ce49e87b207ac51b44e6784bd284b4915b6,19,2b21020f1f8d2715eb449d6a0b8f2ce49e87b207ac51b44e6784bd284b4915b6,19,True,True
sokoban,18,3,20,11,0.55,0.55,0.5104177855340404,0.0,1.0,original,2b21020f1f8d2715eb449d6a0b8f2ce49e87b207ac51b44e6784bd284b4915b6,19,2b21020f1f8d2715eb449d6a0b8f2ce49e87b207ac51b44e6784bd284b4915b6,19,True,True
sokoban,18,4,20,8,0.4,0.4,0.5026246899500346,0.0,1.0,original,2b21020f1f8d2715eb449d6a0b8f2ce49e87b207ac51b44e6784bd284b4915b6,19,2b21020f1f8d2715eb449d6a0b8f2ce49e87b207ac51b44e6784bd284b4915b6,19,True,True
sokoban,18,5,20,10,0.5,0.5,0.5129891760425771,0.0,1.0,original,2b21020f1f8d2715eb449d6a0b8f2ce49e87b207ac51b44e6784bd284b4915b6,19,2b21020f1f8d2715eb449d6a0b8f2ce49e87b207ac51b44e6784bd284b4915b6,19,True,True
sokoban,18,6,20,12,0.6,0.6,0.5026246899500346,0.0,1.0,original,2b21020f1f8d2715eb449d6a0b8f2ce49e87b207ac51b44e6784bd284b4915b6,19,2b21020f1f8d2715eb449d6a0b8f2ce49e87b207ac51b44e6784bd284b4915b6,19,True,True
sokoban,18,7,20,11,0.55,0.55,0.5104177855340404,0.0,1.0,original,2b21020f1f8d2715eb449d6a0b8f2ce49e87b207ac51b44e6784bd284b4915b6,19,2b21020f1f8d2715eb449d6a0b8f2ce49e87b207ac51b44e6784bd284b4915b6,19,True,True
sokoban,18,8,20,8,0.4,0.4,0.5026246899500346,0.0,1.0,original,2b21020f1f8d2715eb449d6a0b8f2ce49e87b207ac51b44e6784bd284b4915b6,19,2b21020f1f8d2715eb449d6a0b8f2ce49e87b207ac51b44e6784bd284b4915b6,19,True,True
sokoban,18,1,20,8,0.4,0.4,0.5026246899500346,0.0,1.0,updated,2f7742b4f2607756ec264a91b18e4ecbce958c91b109f5c2d2bc7ef30e8ffe1e,17,2b21020f1f8d2715eb449d6a0b8f2ce49e87b207ac51b44e6784bd284b4915b6,19,True,True
sokoban,18,2,20,7,0.35,0.35,0.4893604849295929,0.0,1.0,updated,5e58b94f8f7f27bb365c77c8c8ce75be0a4fc20efe5018b68156cc3ca331d7ce,19,2b21020f1f8d2715eb449d6a0b8f2ce49e87b207ac51b44e6784bd284b4915b6,19,True,True
sokoban,18,3,20,6,0.3,0.3,0.47016234598162726,0.0,1.0,updated,3268d8ac64d5caf7ef246f8750845a75c926ad20ad5630afb09afcd4518a604f,19,2b21020f1f8d2715eb449d6a0b8f2ce49e87b207ac51b44e6784bd284b4915b6,19,True,True
sokoban,18,4,20,9,0.45,0.45,0.5104177855340404,0.0,1.0,updated,59fde5700948c5343261a88da45207c2d7c9a703525dd547095eefecc1e74863,18,2b21020f1f8d2715eb449d6a0b8f2ce49e87b207ac51b44e6784bd284b4915b6,19,True,True
sokoban,18,5,20,8,0.4,0.4,0.5026246899500346,0.0,1.0,updated,155bf98e331c0efaafa0e5f2bcd41998ae816633da8a9dfd5a38d7ae65a5a98b,18,2b21020f1f8d2715eb449d6a0b8f2ce49e87b207ac51b44e6784bd284b4915b6,19,True,True
sokoban,18,6,20,6,0.3,0.3,0.47016234598162726,0.0,1.0,updated,e2622c06df8eb54a019bfb0a91c78625b66d1fa3968f1f46490efcc04d6977de,18,2b21020f1f8d2715eb449d6a0b8f2ce49e87b207ac51b44e6784bd284b4915b6,19,True,True
sokoban,18,7,20,4,0.2,0.2,0.41039134083406165,0.0,1.0,updated,7a2ffa7826a42abab52bf3f2a7e4899faa5bad3e2e66e8f65ef4dced119b84de,18,2b21020f1f8d2715eb449d6a0b8f2ce49e87b207ac51b44e6784bd284b4915b6,19,True,True
sokoban,18,8,20,10,0.5,0.5,0.5129891760425771,0.0,1.0,updated,ac80eb2ea9632c7ca9f57f632feb7e5ce00770adc790b489076a120c94f77d44,19,2b21020f1f8d2715eb449d6a0b8f2ce49e87b207ac51b44e6784bd284b4915b6,19,True,True
sokoban,22,1,20,7,0.35,0.35,0.4893604849295929,0.0,1.0,original,c92d7c36af9d7258b7e411681d1ea993abe748880693d64d053647016a50de7e,17,c92d7c36af9d7258b7e411681d1ea993abe748880693d64d053647016a50de7e,17,True,True
sokoban,22,2,20,8,0.4,0.4,0.5026246899500346,0.0,1.0,original,c92d7c36af9d7258b7e411681d1ea993abe748880693d64d053647016a50de7e,17,c92d7c36af9d7258b7e411681d1ea993abe748880693d64d053647016a50de7e,17,True,True
sokoban,22,3,20,6,0.3,0.3,0.47016234598162726,0.0,1.0,original,c92d7c36af9d7258b7e411681d1ea993abe748880693d64d053647016a50de7e,17,c92d7c36af9d7258b7e411681d1ea993abe748880693d64d053647016a50de7e,17,True,True
sokoban,22,4,20,7,0.35,0.35,0.4893604849295929,0.0,1.0,original,c92d7c36af9d7258b7e411681d1ea993abe748880693d64d053647016a50de7e,17,c92d7c36af9d7258b7e411681d1ea993abe748880693d64d053647016a50de7e,17,True,True
sokoban,22,5,20,7,0.35,0.35,0.4893604849295929,0.0,1.0,original,c92d7c36af9d7258b7e411681d1ea993abe748880693d64d053647016a50de7e,17,c92d7c36af9d7258b7e411681d1ea993abe748880693d64d053647016a50de7e,17,True,True
sokoban,22,6,20,6,0.3,0.3,0.47016234598162726,0.0,1.0,original,c92d7c36af9d7258b7e411681d1ea993abe748880693d64d053647016a50de7e,17,c92d7c36af9d7258b7e411681d1ea993abe748880693d64d053647016a50de7e,17,True,True
sokoban,22,7,20,5,0.25,0.25,0.44426165831931924,0.0,1.0,original,c92d7c36af9d7258b7e411681d1ea993abe748880693d64d053647016a50de7e,17,c92d7c36af9d7258b7e411681d1ea993abe748880693d64d053647016a50de7e,17,True,True
sokoban,22,8,20,5,0.25,0.25,0.44426165831931924,0.0,1.0,original,c92d7c36af9d7258b7e411681d1ea993abe748880693d64d053647016a50de7e,17,c92d7c36af9d7258b7e411681d1ea993abe748880693d64d053647016a50de7e,17,True,True
sokoban,22,1,20,6,0.3,0.3,0.47016234598162726,0.0,1.0,updated,8aa46d57102e815e0e849a7bf1261553593a78b046ca983932c482e081e2b7f2,18,c92d7c36af9d7258b7e411681d1ea993abe748880693d64d053647016a50de7e,17,True,True
sokoban,22,2,20,6,0.3,0.3,0.47016234598162726,0.0,1.0,updated,8aa46d57102e815e0e849a7bf1261553593a78b046ca983932c482e081e2b7f2,18,c92d7c36af9d7258b7e411681d1ea993abe748880693d64d053647016a50de7e,17,True,True
sokoban,22,3,20,5,0.25,0.25,0.44426165831931924,0.0,1.0,updated,9758bf2d2e12eb60bfe3b91532b8e91440d59ad9319d96b6b1add551a22966d5,18,c92d7c36af9d7258b7e411681d1ea993abe748880693d64d053647016a50de7e,17,True,True
sokoban,22,4,20,4,0.2,0.2,0.41039134083406165,0.0,1.0,updated,5cb886380efc571b218254a9d1f3347a1846a7dc897fd60b849a85e1334b962c,18,c92d7c36af9d7258b7e411681d1ea993abe748880693d64d053647016a50de7e,17,True,True
sokoban,22,5,20,8,0.4,0.4,0.5026246899500346,0.0,1.0,updated,9882a68715620ae3841833afd3435ddfad948f2efb7c68adecddd535df4febf0,17,c92d7c36af9d7258b7e411681d1ea993abe748880693d64d053647016a50de7e,17,True,True
sokoban,22,6,20,7,0.35,0.35,0.4893604849295929,0.0,1.0,updated,9758bf2d2e12eb60bfe3b91532b8e91440d59ad9319d96b6b1add551a22966d5,18,c92d7c36af9d7258b7e411681d1ea993abe748880693d64d053647016a50de7e,17,True,True
sokoban,22,7,20,7,0.35,0.35,0.4893604849295929,0.0,1.0,updated,8aa46d57102e815e0e849a7bf1261553593a78b046ca983932c482e081e2b7f2,18,c92d7c36af9d7258b7e411681d1ea993abe748880693d64d053647016a50de7e,17,True,True
sokoban,22,8,20,8,0.4,0.4,0.5026246899500346,0.0,1.0,updated,8aa46d57102e815e0e849a7bf1261553593a78b046ca983932c482e081e2b7f2,18,c92d7c36af9d7258b7e411681d1ea993abe748880693d64d053647016a50de7e,17,True,True
sokoban,26,1,20,12,0.6,0.6,0.5026246899500346,0.0,1.0,original,ae8efaff397c7e6eca94981774b569aea8c7c10d9b2f58b9933250200af7ef98,19,ae8efaff397c7e6eca94981774b569aea8c7c10d9b2f58b9933250200af7ef98,19,True,True
sokoban,26,2,20,10,0.5,0.5,0.5129891760425771,0.0,1.0,original,ae8efaff397c7e6eca94981774b569aea8c7c10d9b2f58b9933250200af7ef98,19,ae8efaff397c7e6eca94981774b569aea8c7c10d9b2f58b9933250200af7ef98,19,True,True
sokoban,26,3,20,9,0.45,0.45,0.5104177855340404,0.0,1.0,original,ae8efaff397c7e6eca94981774b569aea8c7c10d9b2f58b9933250200af7ef98,19,ae8efaff397c7e6eca94981774b569aea8c7c10d9b2f58b9933250200af7ef98,19,True,True
sokoban,26,4,20,10,0.5,0.5,0.5129891760425771,0.0,1.0,original,ae8efaff397c7e6eca94981774b569aea8c7c10d9b2f58b9933250200af7ef98,19,ae8efaff397c7e6eca94981774b569aea8c7c10d9b2f58b9933250200af7ef98,19,True,True
sokoban,26,5,20,11,0.55,0.55,0.5104177855340404,0.0,1.0,original,ae8efaff397c7e6eca94981774b569aea8c7c10d9b2f58b9933250200af7ef98,19,ae8efaff397c7e6eca94981774b569aea8c7c10d9b2f58b9933250200af7ef98,19,True,True
sokoban,26,6,20,10,0.5,0.5,0.5129891760425771,0.0,1.0,original,ae8efaff397c7e6eca94981774b569aea8c7c10d9b2f58b9933250200af7ef98,19,ae8efaff397c7e6eca94981774b569aea8c7c10d9b2f58b9933250200af7ef98,19,True,True
sokoban,26,7,20,12,0.6,0.6,0.5026246899500346,0.0,1.0,original,ae8efaff397c7e6eca94981774b569aea8c7c10d9b2f58b9933250200af7ef98,19,ae8efaff397c7e6eca94981774b569aea8c7c10d9b2f58b9933250200af7ef98,19,True,True
sokoban,26,8,20,10,0.5,0.5,0.5129891760425771,0.0,1.0,original,ae8efaff397c7e6eca94981774b569aea8c7c10d9b2f58b9933250200af7ef98,19,ae8efaff397c7e6eca94981774b569aea8c7c10d9b2f58b9933250200af7ef98,19,True,True
sokoban,26,1,20,10,0.5,0.5,0.5129891760425771,0.0,1.0,updated,7e529a63f2d58b359e5e7b3d32c80e08724e40163c82e8f1039ace26ae7dd558,20,ae8efaff397c7e6eca94981774b569aea8c7c10d9b2f58b9933250200af7ef98,19,True,True
sokoban,26,2,20,12,0.6,0.6,0.5026246899500346,0.0,1.0,updated,ae8efaff397c7e6eca94981774b569aea8c7c10d9b2f58b9933250200af7ef98,19,ae8efaff397c7e6eca94981774b569aea8c7c10d9b2f58b9933250200af7ef98,19,True,True
sokoban,26,3,20,13,0.65,0.65,0.4893604849295929,0.0,1.0,updated,ae8efaff397c7e6eca94981774b569aea8c7c10d9b2f58b9933250200af7ef98,19,ae8efaff397c7e6eca94981774b569aea8c7c10d9b2f58b9933250200af7ef98,19,True,True
sokoban,26,4,20,7,0.35,0.35,0.4893604849295929,0.0,1.0,updated,bd30ed626be754d4901b104a1ec8f9a92c0c69fa63df7dbbd83011accddc5885,19,ae8efaff397c7e6eca94981774b569aea8c7c10d9b2f58b9933250200af7ef98,19,True,True
sokoban,26,5,20,11,0.55,0.55,0.5104177855340404,0.0,1.0,updated,b0d3276c01abc3106cd9c36c406c4a5f5c07b2560dc4a76457385ade60051178,17,ae8efaff397c7e6eca94981774b569aea8c7c10d9b2f58b9933250200af7ef98,19,True,True
sokoban,26,6,20,14,0.7,0.7,0.47016234598162726,0.0,1.0,updated,79b6e14cec110fd3afc1cbf17ea1d80ef1202f2d79cd1e582a60d7a55dd07166,19,ae8efaff397c7e6eca94981774b569aea8c7c10d9b2f58b9933250200af7ef98,19,True,True
sokoban,26,7,20,12,0.6,0.6,0.5026246899500346,0.0,1.0,updated,34904c77a498d5ed2cc136cb92e85ec669f238dbcb751f385d09d2ed78ace936,20,ae8efaff397c7e6eca94981774b569aea8c7c10d9b2f58b9933250200af7ef98,19,True,True
sokoban,26,8,20,7,0.35,0.35,0.4893604849295929,0.0,1.0,updated,090ca9a547059ac28ed13599c8c3ac65e6aab4614df0e0835267b4db1a0b8097,23,ae8efaff397c7e6eca94981774b569aea8c7c10d9b2f58b9933250200af7ef98,19,True,True
sokoban,30,1,20,8,0.4,0.4,0.5026246899500346,0.0,1.0,original,629d11e32a9487b2951dd711d2d28849219762d10bc5ea8fe89879eff3870dde,21,629d11e32a9487b2951dd711d2d28849219762d10bc5ea8fe89879eff3870dde,21,True,True
sokoban,30,2,20,11,0.55,0.55,0.5104177855340404,0.0,1.0,original,629d11e32a9487b2951dd711d2d28849219762d10bc5ea8fe89879eff3870dde,21,629d11e32a9487b2951dd711d2d28849219762d10bc5ea8fe89879eff3870dde,21,True,True
sokoban,30,3,20,11,0.55,0.55,0.5104177855340404,0.0,1.0,original,629d11e32a9487b2951dd711d2d28849219762d10bc5ea8fe89879eff3870dde,21,629d11e32a9487b2951dd711d2d28849219762d10bc5ea8fe89879eff3870dde,21,True,True
sokoban,30,4,20,10,0.5,0.5,0.5129891760425771,0.0,1.0,original,629d11e32a9487b2951dd711d2d28849219762d10bc5ea8fe89879eff3870dde,21,629d11e32a9487b2951dd711d2d28849219762d10bc5ea8fe89879eff3870dde,21,True,True
sokoban,30,5,20,13,0.65,0.65,0.4893604849295929,0.0,1.0,original,629d11e32a9487b2951dd711d2d28849219762d10bc5ea8fe89879eff3870dde,21,629d11e32a9487b2951dd711d2d28849219762d10bc5ea8fe89879eff3870dde,21,True,True
sokoban,30,6,20,11,0.55,0.55,0.5104177855340404,0.0,1.0,original,629d11e32a9487b2951dd711d2d28849219762d10bc5ea8fe89879eff3870dde,21,629d11e32a9487b2951dd711d2d28849219762d10bc5ea8fe89879eff3870dde,21,True,True
sokoban,30,7,20,11,0.55,0.55,0.5104177855340404,0.0,1.0,original,629d11e32a9487b2951dd711d2d28849219762d10bc5ea8fe89879eff3870dde,21,629d11e32a9487b2951dd711d2d28849219762d10bc5ea8fe89879eff3870dde,21,True,True
sokoban,30,8,20,9,0.45,0.45,0.5104177855340404,0.0,1.0,original,629d11e32a9487b2951dd711d2d28849219762d10bc5ea8fe89879eff3870dde,21,629d11e32a9487b2951dd711d2d28849219762d10bc5ea8fe89879eff3870dde,21,True,True
sokoban,30,1,20,10,0.5,0.5,0.5129891760425771,0.0,1.0,updated,629d11e32a9487b2951dd711d2d28849219762d10bc5ea8fe89879eff3870dde,21,629d11e32a9487b2951dd711d2d28849219762d10bc5ea8fe89879eff3870dde,21,True,True
sokoban,30,2,20,12,0.6,0.6,0.5026246899500346,0.0,1.0,updated,71cd2aee5b923edab4fe08065a664ce170bbc0b94cfe41e67d26903d06938568,19,629d11e32a9487b2951dd711d2d28849219762d10bc5ea8fe89879eff3870dde,21,True,True
sokoban,30,3,20,9,0.45,0.45,0.5104177855340404,0.0,1.0,updated,c16c9cba09808f33397e358f94fcfe506bc98bbd2bcfd1c8b658136a5a0ad56f,22,629d11e32a9487b2951dd711d2d28849219762d10bc5ea8fe89879eff3870dde,21,True,True
sokoban,30,4,20,12,0.6,0.6,0.5026246899500346,0.0,1.0,updated,629d11e32a9487b2951dd711d2d28849219762d10bc5ea8fe89879eff3870dde,21,629d11e32a9487b2951dd711d2d28849219762d10bc5ea8fe89879eff3870dde,21,True,True
sokoban,30,5,20,9,0.45,0.45,0.5104177855340404,0.0,1.0,updated,793cfeb7e4b2bd79c176e497d22edfcc78eb3aa6244e12eca26a096f5a03777d,24,629d11e32a9487b2951dd711d2d28849219762d10bc5ea8fe89879eff3870dde,21,True,True
sokoban,30,6,20,10,0.5,0.5,0.5129891760425771,0.0,1.0,updated,66ffefd706d645294996aa501f58ebb0223d2c54b0bcb2c547e562999108ba57,20,629d11e32a9487b2951dd711d2d28849219762d10bc5ea8fe89879eff3870dde,21,True,True
sokoban,30,7,20,12,0.6,0.6,0.5026246899500346,0.0,1.0,updated,5d0f2fe0019b3d5fa2726185581ce3c26f2e848220499012f7ea1bc0989f7428,24,629d11e32a9487b2951dd711d2d28849219762d10bc5ea8fe89879eff3870dde,21,True,True
sokoban,30,8,20,10,0.5,0.5,0.5129891760425771,0.0,1.0,updated,ca94b8987adfa30725622be88bcfcce550fc1abf0eae74dd40f12b4b5b4793d6,19,629d11e32a9487b2951dd711d2d28849219762d10bc5ea8fe89879eff3870dde,21,True,True
sokoban,34,1,20,8,0.4,0.4,0.5026246899500346,0.0,1.0,original,4fc5446b0f49022877fdb4a308f0142979718feea6d957951b1ad26f5eb78732,20,4fc5446b0f49022877fdb4a308f0142979718feea6d957951b1ad26f5eb78732,20,True,True
sokoban,34,2,20,8,0.4,0.4,0.5026246899500346,0.0,1.0,original,4fc5446b0f49022877fdb4a308f0142979718feea6d957951b1ad26f5eb78732,20,4fc5446b0f49022877fdb4a308f0142979718feea6d957951b1ad26f5eb78732,20,True,True
sokoban,34,3,20,8,0.4,0.4,0.5026246899500346,0.0,1.0,original,4fc5446b0f49022877fdb4a308f0142979718feea6d957951b1ad26f5eb78732,20,4fc5446b0f49022877fdb4a308f0142979718feea6d957951b1ad26f5eb78732,20,True,True
sokoban,34,4,20,7,0.35,0.35,0.4893604849295929,0.0,1.0,original,4fc5446b0f49022877fdb4a308f0142979718feea6d957951b1ad26f5eb78732,20,4fc5446b0f49022877fdb4a308f0142979718feea6d957951b1ad26f5eb78732,20,True,True
sokoban,34,5,20,7,0.35,0.35,0.4893604849295929,0.0,1.0,original,4fc5446b0f49022877fdb4a308f0142979718feea6d957951b1ad26f5eb78732,20,4fc5446b0f49022877fdb4a308f0142979718feea6d957951b1ad26f5eb78732,20,True,True
sokoban,34,6,20,8,0.4,0.4,0.5026246899500346,0.0,1.0,original,4fc5446b0f49022877fdb4a308f0142979718feea6d957951b1ad26f5eb78732,20,4fc5446b0f49022877fdb4a308f0142979718feea6d957951b1ad26f5eb78732,20,True,True
sokoban,34,7,20,5,0.25,0.25,0.44426165831931924,0.0,1.0,original,4fc5446b0f49022877fdb4a308f0142979718feea6d957951b1ad26f5eb78732,20,4fc5446b0f49022877fdb4a308f0142979718feea6d957951b1ad26f5eb78732,20,True,True
sokoban,34,8,20,6,0.3,0.3,0.47016234598162726,0.0,1.0,original,4fc5446b0f49022877fdb4a308f0142979718feea6d957951b1ad26f5eb78732,20,4fc5446b0f49022877fdb4a308f0142979718feea6d957951b1ad26f5eb78732,20,True,True
sokoban,34,1,20,8,0.4,0.4,0.5026246899500346,0.0,1.0,updated,563c33bcd3bbd9979c39348f2d36158a7f93436c4bd04811eb91672886a0ccc2,21,4fc5446b0f49022877fdb4a308f0142979718feea6d957951b1ad26f5eb78732,20,True,True
sokoban,34,2,20,8,0.4,0.4,0.5026246899500346,0.0,1.0,updated,25532bac0937f756d0925109d416cf27973301e82eef85e7fe1cb05f38cdec6f,22,4fc5446b0f49022877fdb4a308f0142979718feea6d957951b1ad26f5eb78732,20,True,True
sokoban,34,3,20,8,0.4,0.4,0.5026246899500346,0.0,1.0,updated,744950fc34c345540816e3b019e39ba9d876bc9a9d027b63fac01c6e38872133,21,4fc5446b0f49022877fdb4a308f0142979718feea6d957951b1ad26f5eb78732,20,True,True
sokoban,34,4,20,8,0.4,0.4,0.5026246899500346,0.0,1.0,updated,d7a64e2124a8793ad07e097bd7e549736efda4a8e8743d60a4cd55638b014cd6,22,4fc5446b0f49022877fdb4a308f0142979718feea6d957951b1ad26f5eb78732,20,True,True
sokoban,34,5,20,6,0.3,0.3,0.47016234598162726,0.0,1.0,updated,14048de1794f7f6344c190bac0524a84361d1bce5c2c21d287531d1969ab2597,21,4fc5446b0f49022877fdb4a308f0142979718feea6d957951b1ad26f5eb78732,20,True,True
sokoban,34,6,20,9,0.45,0.45,0.5104177855340404,0.0,1.0,updated,a7b70d9d82a474eaae1f51b4d2b25e0bab84d0f472c96c1e2c9558a9e02e51e2,21,4fc5446b0f49022877fdb4a308f0142979718feea6d957951b1ad26f5eb78732,20,True,True
sokoban,34,7,20,5,0.25,0.25,0.44426165831931924,0.0,1.0,updated,38a5a2d372310f6883c13e65ce54dfd4feaf5e113f630ea6a70fe8cbf06f436b,21,4fc5446b0f49022877fdb4a308f0142979718feea6d957951b1ad26f5eb78732,20,True,True
sokoban,34,8,20,7,0.35,0.35,0.4893604849295929,0.0,1.0,updated,63ac68412bd9014baf008a69ce2c28adf32722716203de6d937fc8ab53b169f3,21,4fc5446b0f49022877fdb4a308f0142979718feea6d957951b1ad26f5eb78732,20,True,True
sokoban,38,1,20,11,0.55,0.55,0.5104177855340404,0.0,1.0,original,eefb28b60f5f6eedd1338de32bdb425092efd5ad5a3c84058c366f7047ba085f,26,eefb28b60f5f6eedd1338de32bdb425092efd5ad5a3c84058c366f7047ba085f,26,True,True
sokoban,38,2,20,6,0.3,0.3,0.47016234598162726,0.0,1.0,original,eefb28b60f5f6eedd1338de32bdb425092efd5ad5a3c84058c366f7047ba085f,26,eefb28b60f5f6eedd1338de32bdb425092efd5ad5a3c84058c366f7047ba085f,26,True,True
sokoban,38,3,20,7,0.35,0.35,0.4893604849295929,0.0,1.0,original,eefb28b60f5f6eedd1338de32bdb425092efd5ad5a3c84058c366f7047ba085f,26,eefb28b60f5f6eedd1338de32bdb425092efd5ad5a3c84058c366f7047ba085f,26,True,True
sokoban,38,4,20,7,0.35,0.35,0.4893604849295929,0.0,1.0,original,eefb28b60f5f6eedd1338de32bdb425092efd5ad5a3c84058c366f7047ba085f,26,eefb28b60f5f6eedd1338de32bdb425092efd5ad5a3c84058c366f7047ba085f,26,True,True
sokoban,38,5,20,9,0.45,0.45,0.5104177855340404,0.0,1.0,original,eefb28b60f5f6eedd1338de32bdb425092efd5ad5a3c84058c366f7047ba085f,26,eefb28b60f5f6eedd1338de32bdb425092efd5ad5a3c84058c366f7047ba085f,26,True,True
sokoban,38,6,20,6,0.3,0.3,0.47016234598162726,0.0,1.0,original,eefb28b60f5f6eedd1338de32bdb425092efd5ad5a3c84058c366f7047ba085f,26,eefb28b60f5f6eedd1338de32bdb425092efd5ad5a3c84058c366f7047ba085f,26,True,True
sokoban,38,7,20,6,0.3,0.3,0.47016234598162726,0.0,1.0,original,eefb28b60f5f6eedd1338de32bdb425092efd5ad5a3c84058c366f7047ba085f,26,eefb28b60f5f6eedd1338de32bdb425092efd5ad5a3c84058c366f7047ba085f,26,True,True
sokoban,38,8,20,9,0.45,0.45,0.5104177855340404,0.0,1.0,original,eefb28b60f5f6eedd1338de32bdb425092efd5ad5a3c84058c366f7047ba085f,26,eefb28b60f5f6eedd1338de32bdb425092efd5ad5a3c84058c366f7047ba085f,26,True,True
sokoban,38,1,20,6,0.3,0.3,0.47016234598162726,0.0,1.0,updated,9d576ca4f99b2fe82db566d0430c74d1b7764b1898aa5e3024853297f547772c,22,eefb28b60f5f6eedd1338de32bdb425092efd5ad5a3c84058c366f7047ba085f,26,True,True
sokoban,38,2,20,11,0.55,0.55,0.5104177855340404,0.0,1.0,updated,6bc3e39b9affb7d761472ee718437ec5ae810fc482528c13ec8336cb0c389b40,27,eefb28b60f5f6eedd1338de32bdb425092efd5ad5a3c84058c366f7047ba085f,26,True,True
sokoban,38,3,20,7,0.35,0.35,0.4893604849295929,0.0,1.0,updated,f4928b7e28d4eded8f32b2345e58f7f72e52b1ada1bb2467f62468ae555bb266,27,eefb28b60f5f6eedd1338de32bdb425092efd5ad5a3c84058c366f7047ba085f,26,True,True
sokoban,38,4,20,7,0.35,0.35,0.4893604849295929,0.0,1.0,updated,79b537673316487c7a3a07350b81c90734b6419722a422fbf465219114b4c79f,22,eefb28b60f5f6eedd1338de32bdb425092efd5ad5a3c84058c366f7047ba085f,26,True,True
sokoban,38,5,20,7,0.35,0.35,0.4893604849295929,0.0,1.0,updated,4ef656137434d67880bd0978042ad51aa15f636eb93f2919590f3e328caa7bdc,26,eefb28b60f5f6eedd1338de32bdb425092efd5ad5a3c84058c366f7047ba085f,26,True,True
sokoban,38,6,20,9,0.45,0.45,0.5104177855340404,0.0,1.0,updated,631b8447e27fe14ba013922a0bd26a2b00fce917bc126b69dd687918fc34d71d,21,eefb28b60f5f6eedd1338de32bdb425092efd5ad5a3c84058c366f7047ba085f,26,True,True
sokoban,38,7,20,9,0.45,0.45,0.5104177855340404,0.0,1.0,updated,f4ee84b4fec0f0e0569118955bb9ddfb3e252510b6c016c99a324ce7620cd13f,22,eefb28b60f5f6eedd1338de32bdb425092efd5ad5a3c84058c366f7047ba085f,26,True,True
sokoban,38,8,20,8,0.4,0.4,0.5026246899500346,0.0,1.0,updated,134707f805b9b83ce9b38675a31ff47c7e01ac363d9eda9fafe8b962b0f88aff,28,eefb28b60f5f6eedd1338de32bdb425092efd5ad5a3c84058c366f7047ba085f,26,True,True
