"env","state_x","source_shard","num_samples","total_games","total_success","overall_pass_rate","mean_sample_pass_rate","std_sample_pass_rate","sem_sample_pass_rate","min_sample_pass_rate","max_sample_pass_rate","notebook_hash","notebook_size_lines","complete_state"
"frozen_lake","1","0","8","80","1","0.0125","0.0125","0.0353553390593274","0.0125","0","0.1","0e61043d9626e44e976ccfc887a7d3559fce5744e69799100b9533cba51da21b","11","True"
"frozen_lake","2","1","8","80","13","0.1625","0.1625","0.106066017177982","0.0375","0","0.3","11b2efca10c7b11ca42f4ab140649b21f2eda78d249edd04b77359020124be62","14","True"
"frozen_lake","3","2","8","80","13","0.1625","0.1625","0.130247018062932","0.0460492748508129","0","0.4","11b2efca10c7b11ca42f4ab140649b21f2eda78d249edd04b77359020124be62","14","True"
"frozen_lake","4","3","8","80","14","0.175","0.175","0.128173988892331","0.0453163483587483","0","0.4","11b2efca10c7b11ca42f4ab140649b21f2eda78d249edd04b77359020124be62","14","True"
"frozen_lake","5","0","8","80","15","0.1875","0.1875","0.15526475085203","0.054894379103355","0","0.5","97c2de08841fd45bf72a0461154b857beae276c7aef0e76cde8280e82af2d550","16","True"
"frozen_lake","6","1","8","80","21","0.2625","0.2625","0.168501801601221","0.0595743832771867","0.1","0.5","53f8f31616e9bd12effc6729ea9029bc2afb5a3cfbfb6fe5a759dc23225e1c86","16","True"
"frozen_lake","7","2","8","80","20","0.25","0.25","0.160356745147455","0.0566946709513841","0","0.5","53f8f31616e9bd12effc6729ea9029bc2afb5a3cfbfb6fe5a759dc23225e1c86","16","True"
"frozen_lake","8","3","8","80","21","0.2625","0.2625","0.106066017177982","0.0375","0.1","0.4","53f8f31616e9bd12effc6729ea9029bc2afb5a3cfbfb6fe5a759dc23225e1c86","16","True"
"frozen_lake","9","0","8","80","21","0.2625","0.2625","0.106066017177982","0.0375","0.2","0.5","6240740a9b21069f8f4cba3a3e3038d32520e2dd6071caaf6091b9bf67ca9b36","15","True"
"frozen_lake","10","1","8","80","21","0.2625","0.2625","0.118773493916542","0.041992771486803","0.1","0.4","6240740a9b21069f8f4cba3a3e3038d32520e2dd6071caaf6091b9bf67ca9b36","15","True"
"frozen_lake","11","2","8","80","25","0.3125","0.3125","0.145773797371132","0.0515388203202207","0.1","0.5","7af49fe3e7c1b147b0a2e2af18b7b138820115d32d6fff7468add04973dc1449","16","True"
"frozen_lake","12","3","8","80","31","0.3875","0.3875","0.0640869944461656","0.0226581741793741","0.3","0.5","7af49fe3e7c1b147b0a2e2af18b7b138820115d32d6fff7468add04973dc1449","16","True"
"frozen_lake","13","0","8","80","31","0.3875","0.3875","0.083452296039628","0.0295048422176041","0.3","0.5","7af49fe3e7c1b147b0a2e2af18b7b138820115d32d6fff7468add04973dc1449","16","True"
"frozen_lake","14","1","8","80","25","0.3125","0.3125","0.15526475085203","0.054894379103355","0.2","0.6","7af49fe3e7c1b147b0a2e2af18b7b138820115d32d6fff7468add04973dc1449","16","True"
"frozen_lake","15","2","8","80","16","0.2","0.2","0.130930734141595","0.0462910049886276","0","0.4","9921e3feca4c5c34c78a1bcd92a8831edf8ab3f0ea34bca576e11431d178edb1","17","True"
"frozen_lake","16","3","8","80","23","0.2875","0.2875","0.124642345475822","0.0440677238544752","0.1","0.5","e8b20fa90b0b4705a5500442abaea63e06b0ce692864a9435469c1d6a6abb2fb","16","True"
"frozen_lake","17","0","8","80","29","0.3625","0.3625","0.140788595317336","0.0497762852313084","0.3","0.7","7b625718766d9f3559c4d3159a120a9c8a2e9fb0c0f38934946c6514b2fe0b0d","16","True"
"frozen_lake","18","1","8","80","31","0.3875","0.3875","0.180772153354911","0.063912607743476","0.1","0.7","7b625718766d9f3559c4d3159a120a9c8a2e9fb0c0f38934946c6514b2fe0b0d","16","True"
"frozen_lake","19","2","8","80","26","0.325","0.325","0.166904592079256","0.0590096844352082","0.1","0.6","7b625718766d9f3559c4d3159a120a9c8a2e9fb0c0f38934946c6514b2fe0b0d","16","True"
"frozen_lake","20","3","8","80","26","0.325","0.325","0.166904592079256","0.0590096844352082","0.1","0.6","ed8ef4637beb58ef226188b96bdd384b028196cb1bb3b475149cb98d3cc5f7f0","17","True"
"frozen_lake","21","0","8","80","28","0.35","0.35","0.220389266007736","0.0779193722473979","0","0.6","0ea181f60ff028c158e29fde3e38211870359565a4bb2dc013ab441bc7eecc71","18","True"
"frozen_lake","22","1","8","80","20","0.25","0.25","0.130930734141595","0.0462910049886276","0","0.4","0d446f0684ee1c26f883e09dc4deffee51563bb2b7a88b46e50204b3a4301818","19","True"
"frozen_lake","23","2","8","80","36","0.45","0.45","0.10690449676497","0.0377964473009227","0.3","0.6","afc571975a448d74c40edb02920f102e0a5a04949a814199a552f3c6de1201e4","19","True"
"frozen_lake","24","3","8","80","30","0.375","0.375","0.103509833901353","0.03659625273557","0.2","0.5","afc571975a448d74c40edb02920f102e0a5a04949a814199a552f3c6de1201e4","19","True"
"frozen_lake","25","0","8","80","29","0.3625","0.3625","0.168501801601221","0.0595743832771867","0.2","0.6","f85292df2c9e40cf0d4f253efd9b4fa84ccac83a4606c62ee56b90ba7656b766","20","True"
"frozen_lake","26","1","8","80","33","0.4125","0.4125","0.195940953204931","0.0692755883616815","0.1","0.7","f85292df2c9e40cf0d4f253efd9b4fa84ccac83a4606c62ee56b90ba7656b766","20","True"
"frozen_lake","27","2","8","80","27","0.3375","0.3375","0.0916125381312904","0.0323899234771733","0.2","0.4","b5d2089cdb546449cdfe40a51c0021593a5477b8795df1892a8d6cf4a8baafb4","21","True"
"frozen_lake","28","3","8","80","19","0.2375","0.2375","0.140788595317336","0.0497762852313084","0.1","0.5","abed13f1d03331c8e80676e3b05137d595ce20ac697c723feae303b828260fbe","22","True"
"frozen_lake","29","0","8","80","19","0.2375","0.2375","0.118773493916542","0.041992771486803","0.1","0.4","f154e43ddf706cf687878f4f629789c695bb725fd8cd572b69a20e8eb8533850","22","True"
"frozen_lake","30","1","8","80","27","0.3375","0.3375","0.168501801601221","0.0595743832771867","0.1","0.6","a3f769caeb93e314e929e656646bb30e70e0ac3021bec8ff71d3a13a0c736bff","22","True"
"frozen_lake","31","2","8","80","30","0.375","0.375","0.148804761828569","0.0526104280809151","0.1","0.5","a93de526813e3fc00dc28c810a8ecaa1128a947462dbaaa81b1cf20e5306d0a2","23","True"
"frozen_lake","32","3","8","80","17","0.2125","0.2125","0.0991031208965115","0.0350382444113368","0.1","0.4","72c448e7bb19cf77cbfc5b79a53808f85dc07f7ab1db42b5e9599ce351740f58","24","True"
"frozen_lake","33","0","8","80","40","0.5","0.5","0.151185789203691","0.0534522483824849","0.3","0.8","bd3b10515582c553b2fe553fecdf89f7066e8f9fb21255dcf38d298bc214b688","24","True"
"frozen_lake","34","1","8","80","44","0.55","0.55","0.213808993529939","0.0755928946018454","0.2","0.8","0caf64803526b8856665db40dd62ea54eb01ba2e9ba181f23a3702d02c4fd72e","25","True"
"frozen_lake","35","2","8","80","44","0.55","0.55","0.119522860933439","0.0422577127364258","0.4","0.7","0caf64803526b8856665db40dd62ea54eb01ba2e9ba181f23a3702d02c4fd72e","25","True"
"frozen_lake","36","3","8","80","29","0.3625","0.3625","0.168501801601221","0.0595743832771867","0.1","0.6","0caf64803526b8856665db40dd62ea54eb01ba2e9ba181f23a3702d02c4fd72e","25","True"
"frozen_lake","37","0","8","80","35","0.4375","0.4375","0.176776695296637","0.0625","0.1","0.6","2d427f5ed678eb6e626b065a56c7c824caffceb3ec46c9d9546c7ccf5ddfc53e","19","True"
"frozen_lake","38","1","8","80","23","0.2875","0.2875","0.17268882005338","0.0610547178474241","0.1","0.6","1f55f9d199573ea5c2af2ddb1d05fa505405012a2d839780ebf5a595230a372e","17","True"
"frozen_lake","39","2","8","80","26","0.325","0.325","0.103509833901353","0.03659625273557","0.2","0.5","ce84a1917c64c8514cfe4fed7feb4e73de06955293f949057f59b211fc9424f3","17","True"
"frozen_lake","40","3","8","80","18","0.225","0.225","0.116496474502143","0.0411877235523957","0.1","0.4","99673d5a7ac3388019126572966801544f7ba97621fcbd31f33c35ba6d6f0154","18","True"
